subject_id,priority1,priority2,priority3,priority4,priority5,no_priority,minx,miny,maxx,maxy
5792,0.0000,0.0006,0.0002,0.0001,0.0011,0.9981,-7188749.6352,-2997248.7527,-7185692.1540,-2994955.6418
5886,0.0000,0.0001,0.0000,0.0001,0.0013,0.9984,-7219324.4465,-3022472.9720,-7216266.9653,-3020179.8612
5745,0.0084,0.0343,0.6931,0.0591,0.1173,0.0878,-7197922.0786,-2976610.7551,-7194864.5974,-2974317.6442
5746,0.0139,0.0848,0.8050,0.0392,0.0144,0.0426,-7194864.5974,-2976610.7551,-7191807.1163,-2974317.6442
5748,0.0744,0.1256,0.6003,0.0487,0.0609,0.0902,-7188749.6352,-2976610.7551,-7185692.1540,-2974317.6442
5898,0.0002,0.0008,0.0032,0.0010,0.9856,0.0092,-7234611.8521,-3027059.1937,-7231554.3710,-3024766.0829
6054,0.0002,0.0012,0.0052,0.0031,0.0344,0.9558,-7249899.2578,-3056869.6348,-7246841.7766,-3054576.5239
5749,0.0064,0.0281,0.2557,0.4372,0.0852,0.1873,-7185692.1540,-2976610.7551,-7182634.6729,-2974317.6442
6070,0.0041,0.0190,0.0317,0.0175,0.1332,0.7945,-7259071.7012,-3061455.8564,-7256014.2200,-3059162.7456
6105,0.0002,0.0014,0.0014,0.0013,0.0113,0.9844,-7259071.7012,-3070628.2998,-7256014.2200,-3068335.1890
5750,0.0336,0.0318,0.0748,0.0445,0.6998,0.1154,-7170404.7484,-2976610.7551,-7167347.2672,-2974317.6442
5751,0.0013,0.0060,0.0247,0.8472,0.0162,0.1045,-7167347.2672,-2976610.7551,-7164289.7861,-2974317.6442
5754,0.0000,0.0000,0.0001,0.0003,0.9989,0.0007,-7194864.5974,-2978903.8659,-7191807.1163,-2976610.7551
5758,0.0001,0.0001,0.0007,0.0031,0.9868,0.0092,-7167347.2672,-2978903.8659,-7164289.7861,-2976610.7551
5759,0.0001,0.0001,0.0007,0.0031,0.9868,0.0092,-7164289.7861,-2978903.8659,-7161232.3050,-2976610.7551
6686,0.0002,0.0007,0.0067,0.0246,0.3737,0.5941,-5715043.7300,-3162352.7338,-5711986.2489,-3160059.6229
5760,0.0001,0.0001,0.0007,0.0031,0.9868,0.0092,-7200979.5597,-2981196.9768,-7197922.0786,-2978903.8659
5762,0.0001,0.0001,0.0007,0.0031,0.9868,0.0092,-7194864.5974,-2981196.9768,-7191807.1163,-2978903.8659
5763,0.0001,0.0001,0.0007,0.0031,0.9868,0.0092,-7191807.1163,-2981196.9768,-7188749.6352,-2978903.8659
5765,0.0001,0.0001,0.0007,0.0031,0.9868,0.0092,-7200979.5597,-2983490.0876,-7197922.0786,-2981196.9768
5766,0.0001,0.0001,0.0007,0.0031,0.9868,0.0092,-7197922.0786,-2983490.0876,-7194864.5974,-2981196.9768
5767,0.0000,0.0001,0.0003,0.0004,0.8139,0.1853,-7194864.5974,-2983490.0876,-7191807.1163,-2981196.9768
5769,0.0017,0.0043,0.0192,0.2407,0.5898,0.1443,-7200979.5597,-2985783.1985,-7197922.0786,-2983490.0876
5770,0.0001,0.0001,0.0007,0.0031,0.9868,0.0092,-7197922.0786,-2985783.1985,-7194864.5974,-2983490.0876
6715,0.0001,0.0004,0.9885,0.0034,0.0075,0.0001,-5742561.0602,-3166938.9555,-5739503.5791,-3164645.8446
7148,0.0017,0.9803,0.0166,0.0008,0.0001,0.0005,-5742561.0602,-3173818.2880,-5739503.5791,-3171525.1772
8205,0.0004,0.0008,0.0054,0.0079,0.1467,0.8388,-5981044.5884,-3531543.5803,-5977987.1073,-3529250.4695
6126,0.0000,0.0001,0.0003,0.0007,0.0148,0.9840,-7249899.2578,-3075214.5215,-7246841.7766,-3072921.4107
7365,0.0000,0.0000,0.0006,0.0029,0.6012,0.3952,-5767020.9093,-3217387.3941,-5763963.4281,-3215094.2833
7585,0.0041,0.0286,0.8630,0.0424,0.0465,0.0153,-5803710.6828,-3267835.8328,-5800653.2017,-3265542.7219
7735,0.0025,0.0276,0.1313,0.5983,0.2062,0.0341,-5831228.0130,-3295353.1630,-5828170.5319,-3293060.0521
8239,0.0012,0.0023,0.0152,0.0200,0.2953,0.6660,-5977987.1073,-3538422.9129,-5974929.6262,-3536129.8020
5849,0.0000,0.0000,0.0007,0.0026,0.6302,0.3664,-7240726.8144,-3015593.6395,-7237669.3333,-3013300.5286
6197,0.0001,0.0003,0.0093,0.0737,0.8687,0.0480,-7286589.0314,-3093559.4083,-7283531.5502,-3091266.2975
6532,0.0000,0.0000,0.0001,0.0002,0.1528,0.8469,-5708928.7678,-3144007.8470,-5705871.2866,-3141714.7361
6554,0.0000,0.0000,0.0002,0.0006,0.2758,0.7234,-5690583.8810,-3146300.9578,-5687526.3998,-3144007.8470
6583,0.0001,0.0002,0.0029,0.0057,0.2814,0.7096,-5727273.6546,-3150887.1795,-5724216.1734,-3148594.0687
6079,0.0007,0.0014,0.0104,0.0133,0.2418,0.7323,-7256014.2200,-3063748.9673,-7252956.7389,-3061455.8564
5771,0.0001,0.0001,0.0007,0.0031,0.9868,0.0092,-7194864.5974,-2985783.1985,-7191807.1163,-2983490.0876
5772,0.0001,0.0001,0.0007,0.0031,0.9868,0.0092,-7200979.5597,-2988076.3093,-7197922.0786,-2985783.1985
5775,0.0001,0.0001,0.0007,0.0031,0.9868,0.0092,-7200979.5597,-2990369.4202,-7197922.0786,-2988076.3093
5776,0.0001,0.0001,0.0007,0.0031,0.9868,0.0092,-7200979.5597,-2992662.5310,-7197922.0786,-2990369.4202
5778,0.0002,0.0004,0.0006,0.0008,0.0003,0.9978,-7185692.1540,-2992662.5310,-7182634.6729,-2990369.4202
5779,0.0002,0.0004,0.0006,0.0008,0.0003,0.9978,-7182634.6729,-2992662.5310,-7179577.1918,-2990369.4202
5781,0.0001,0.0001,0.0007,0.0031,0.9868,0.0092,-7210152.0031,-2994955.6418,-7207094.5219,-2992662.5310
5777,0.0012,0.0027,0.0062,0.0062,0.0081,0.9756,-7188749.6352,-2992662.5310,-7185692.1540,-2990369.4202
5782,0.0001,0.0001,0.0007,0.0031,0.9868,0.0092,-7207094.5219,-2994955.6418,-7204037.0408,-2992662.5310
5786,0.0001,0.0001,0.0007,0.0031,0.9868,0.0092,-7182634.6729,-2994955.6418,-7179577.1918,-2992662.5310
5787,0.0002,0.0004,0.0006,0.0008,0.0003,0.9978,-7216266.9653,-2997248.7527,-7213209.4842,-2994955.6418
5788,0.0013,0.0060,0.0247,0.8472,0.0162,0.1045,-7213209.4842,-2997248.7527,-7210152.0031,-2994955.6418
5790,0.0001,0.0001,0.0007,0.0031,0.9868,0.0092,-7207094.5219,-2997248.7527,-7204037.0408,-2994955.6418
5791,0.0014,0.0025,0.0107,0.0204,0.8148,0.1502,-7204037.0408,-2997248.7527,-7200979.5597,-2994955.6418
5793,0.0001,0.0001,0.0007,0.0031,0.9868,0.0092,-7185692.1540,-2997248.7527,-7182634.6729,-2994955.6418
5795,0.0002,0.0004,0.0006,0.0008,0.0003,0.9978,-7216266.9653,-2999541.8635,-7213209.4842,-2997248.7527
5796,0.0017,0.0043,0.0192,0.2407,0.5898,0.1443,-7213209.4842,-2999541.8635,-7210152.0031,-2997248.7527
5799,0.0002,0.0004,0.0006,0.0008,0.0003,0.9978,-7188749.6352,-2999541.8635,-7185692.1540,-2997248.7527
5800,0.0013,0.0022,0.0056,0.0136,0.1380,0.8394,-7185692.1540,-2999541.8635,-7182634.6729,-2997248.7527
5801,0.0002,0.0004,0.0006,0.0008,0.0003,0.9978,-7182634.6729,-2999541.8635,-7179577.1918,-2997248.7527
5802,0.0002,0.0004,0.0006,0.0008,0.0003,0.9978,-7216266.9653,-3001834.9744,-7213209.4842,-2999541.8635
5803,0.0002,0.0004,0.0006,0.0008,0.0003,0.9978,-7213209.4842,-3001834.9744,-7210152.0031,-2999541.8635
5805,0.0002,0.0004,0.0006,0.0008,0.0003,0.9978,-7222381.9276,-3004128.0852,-7219324.4465,-3001834.9744
5806,0.0002,0.0004,0.0006,0.0008,0.0003,0.9978,-7219324.4465,-3004128.0852,-7216266.9653,-3001834.9744
5807,0.0002,0.0004,0.0006,0.0008,0.0003,0.9978,-7216266.9653,-3004128.0852,-7213209.4842,-3001834.9744
5808,0.0002,0.0004,0.0006,0.0008,0.0003,0.9978,-7213209.4842,-3004128.0852,-7210152.0031,-3001834.9744
5812,0.0002,0.0004,0.0006,0.0008,0.0003,0.9978,-7191807.1163,-3004128.0852,-7188749.6352,-3001834.9744
5813,0.0002,0.0004,0.0006,0.0008,0.0003,0.9978,-7222381.9276,-3006421.1961,-7219324.4465,-3004128.0852
7481,0.0004,0.0048,0.0456,0.1190,0.1021,0.7281,-5757848.4659,-3242611.6135,-5754790.9847,-3240318.5026
7748,0.0014,0.0037,0.0112,0.0112,0.0599,0.9125,-5852630.3809,-3297646.2738,-5849572.8998,-3295353.1630
8306,0.0003,0.0011,0.0056,0.0306,0.2837,0.6788,-5987159.5507,-3552181.5780,-5984102.0696,-3549888.4671
7608,0.0000,0.0001,0.0001,0.0000,0.0006,0.9992,-5812883.1262,-3272422.0545,-5809825.6451,-3270128.9436
7664,0.0033,0.0203,0.9751,0.0010,0.0001,0.0000,-5828170.5319,-3286180.7196,-5825113.0507,-3283887.6087
7880,0.0014,0.0096,0.7390,0.0309,0.2187,0.0003,-5870975.2677,-3313698.0498,-5867917.7866,-3311404.9389
8361,0.0000,0.0000,0.0000,0.0001,0.9994,0.0005,-5981044.5884,-3561354.0214,-5977987.1073,-3559060.9105
6043,0.0020,0.0049,0.0199,0.0161,0.1198,0.8374,-7252956.7389,-3054576.5239,-7249899.2578,-3052283.4131
6128,0.0007,0.0075,0.0349,0.1587,0.1876,0.6106,-7277416.5880,-3077507.6324,-7274359.1068,-3075214.5215
6666,0.0000,0.0001,0.0001,0.0001,0.0055,0.9942,-5721158.6923,-3160059.6229,-5718101.2112,-3157766.5121
6696,0.0036,0.0185,0.9453,0.0234,0.0089,0.0002,-5742561.0602,-3164645.8446,-5739503.5791,-3162352.7338
5815,0.0002,0.0004,0.0006,0.0008,0.0003,0.9978,-7216266.9653,-3006421.1961,-7213209.4842,-3004128.0852
5816,0.0002,0.0004,0.0006,0.0008,0.0003,0.9978,-7213209.4842,-3006421.1961,-7210152.0031,-3004128.0852
7712,0.0003,0.0030,0.0632,0.8356,0.0979,0.0000,-5843457.9375,-3293060.0521,-5840400.4564,-3290766.9413
5817,0.0002,0.0004,0.0006,0.0008,0.0003,0.9978,-7210152.0031,-3006421.1961,-7207094.5219,-3004128.0852
7867,0.0007,0.0049,0.9922,0.0021,0.0002,0.0000,-5849572.8998,-3311404.9389,-5846515.4187,-3309111.8281
5819,0.0001,0.0001,0.0007,0.0031,0.9868,0.0092,-7194864.5974,-3006421.1961,-7191807.1163,-3004128.0852
5820,0.0001,0.0001,0.0007,0.0031,0.9868,0.0092,-7191807.1163,-3006421.1961,-7188749.6352,-3004128.0852
7764,0.0015,0.0030,0.0179,0.0241,0.7058,0.2477,-5803710.6828,-3297646.2738,-5800653.2017,-3295353.1630
5821,0.0002,0.0004,0.0006,0.0008,0.0003,0.9978,-7222381.9276,-3008714.3069,-7219324.4465,-3006421.1961
5822,0.0001,0.0001,0.0007,0.0031,0.9868,0.0092,-7219324.4465,-3008714.3069,-7216266.9653,-3006421.1961
5825,0.0002,0.0004,0.0006,0.0008,0.0003,0.9978,-7210152.0031,-3008714.3069,-7207094.5219,-3006421.1961
6143,0.0050,0.0512,0.5374,0.3674,0.0376,0.0015,-7280474.0691,-3082093.8541,-7277416.5880,-3079800.7432
5827,0.0001,0.0001,0.0007,0.0031,0.9868,0.0092,-7197922.0786,-3008714.3069,-7194864.5974,-3006421.1961
7444,0.0019,0.0050,0.1572,0.0351,0.7924,0.0084,-5770078.3904,-3231146.0592,-5767020.9093,-3228852.9484
6396,0.0001,0.0002,0.0004,0.0003,0.0457,0.9532,-5705871.2866,-3132542.2927,-5702813.8055,-3130249.1819
7827,0.0019,0.0050,0.1572,0.0351,0.7924,0.0084,-5852630.3809,-3306818.7172,-5849572.8998,-3304525.6064
6680,0.0442,0.1773,0.6707,0.1048,0.0031,0.0000,-5733388.6168,-3162352.7338,-5730331.1357,-3160059.6229
8286,0.0000,0.0000,0.0000,0.0000,0.0004,0.9995,-5981044.5884,-3547595.3563,-5977987.1073,-3545302.2454
8324,0.0000,0.0000,0.0000,0.0000,0.0004,0.9995,-5968814.6639,-3554474.6888,-5965757.1828,-3552181.5780
8191,0.0000,0.0000,0.0000,0.0000,0.0008,0.9991,-5990217.0318,-3529250.4695,-5987159.5507,-3526957.3586
5830,0.0002,0.0004,0.0006,0.0008,0.0003,0.9978,-7222381.9276,-3011007.4178,-7219324.4465,-3008714.3069
6353,0.0019,0.0050,0.1572,0.0351,0.7924,0.0084,-7280474.0691,-3125662.9602,-7277416.5880,-3123369.8493
5831,0.0002,0.0004,0.0006,0.0008,0.0003,0.9978,-7219324.4465,-3011007.4178,-7216266.9653,-3008714.3069
6533,0.0000,0.0000,0.0000,0.0000,0.0004,0.9995,-5705871.2866,-3144007.8470,-5702813.8055,-3141714.7361
5836,0.0001,0.0001,0.0007,0.0031,0.9868,0.0092,-7200979.5597,-3011007.4178,-7197922.0786,-3008714.3069
5837,0.0001,0.0001,0.0007,0.0031,0.9868,0.0092,-7197922.0786,-3011007.4178,-7194864.5974,-3008714.3069
5838,0.0001,0.0001,0.0007,0.0031,0.9868,0.0092,-7194864.5974,-3011007.4178,-7191807.1163,-3008714.3069
5839,0.0001,0.0001,0.0007,0.0031,0.9868,0.0092,-7191807.1163,-3011007.4178,-7188749.6352,-3008714.3069
5840,0.0002,0.0004,0.0006,0.0008,0.0003,0.9978,-7222381.9276,-3013300.5286,-7219324.4465,-3011007.4178
7128,0.0009,0.0118,0.2659,0.7093,0.0121,0.0000,-5745618.5413,-3171525.1772,-5742561.0602,-3169232.0663
5844,0.0002,0.0004,0.0006,0.0008,0.0003,0.9978,-7204037.0408,-3013300.5286,-7200979.5597,-3011007.4178
5845,0.0001,0.0001,0.0007,0.0031,0.9868,0.0092,-7200979.5597,-3013300.5286,-7197922.0786,-3011007.4178
7971,0.0004,0.0012,0.0145,0.0301,0.9214,0.0324,-5815940.6073,-3325163.6040,-5812883.1262,-3322870.4931
8265,0.0001,0.0003,0.0004,0.0002,0.0023,0.9966,-5971872.1450,-3543009.1346,-5968814.6639,-3540716.0237
5846,0.0190,0.1722,0.7688,0.0214,0.0015,0.0170,-7197922.0786,-3013300.5286,-7194864.5974,-3011007.4178
5859,0.0001,0.0003,0.0004,0.0005,0.0836,0.9152,-7200979.5597,-3015593.6395,-7197922.0786,-3013300.5286
7134,0.0000,0.0000,0.0000,0.0000,0.0008,0.9991,-5727273.6546,-3171525.1772,-5724216.1734,-3169232.0663
6557,0.0010,0.0022,0.0052,0.0029,0.0243,0.9643,-5681411.4376,-3146300.9578,-5678353.9565,-3144007.8470
7689,0.0000,0.0000,0.0000,0.0000,0.0004,0.9995,-5797595.7206,-3288473.8304,-5794538.2394,-3286180.7196
8022,0.0024,0.0102,0.9663,0.0097,0.0113,0.0002,-5846515.4187,-3334336.0474,-5843457.9375,-3332042.9365
6558,0.0022,0.0126,0.3969,0.4354,0.1524,0.0004,-5733388.6168,-3148594.0687,-5730331.1357,-3146300.9578
6503,0.0003,0.0002,0.0002,0.0000,0.0007,0.9986,-5690583.8810,-3139421.6253,-5687526.3998,-3137128.5144
6692,0.0006,0.0013,0.0045,0.0043,0.2060,0.7834,-5754790.9847,-3164645.8446,-5751733.5036,-3162352.7338
6572,0.0006,0.0010,0.0055,0.0024,0.2382,0.7523,-5684468.9187,-3148594.0687,-5681411.4376,-3146300.9578
7132,0.0000,0.0000,0.0000,0.0000,0.0004,0.9995,-5733388.6168,-3171525.1772,-5730331.1357,-3169232.0663
7307,0.0000,0.0000,0.0003,0.0002,0.9972,0.0022,-5739503.5791,-3205921.8399,-5736446.0979,-3203628.7290
7660,0.0015,0.0166,0.9805,0.0013,0.0000,0.0000,-5812883.1262,-3283887.6087,-5809825.6451,-3281594.4979
8339,0.0001,0.0001,0.0004,0.0004,0.2016,0.7974,-6005504.4375,-3559060.9105,-6002446.9563,-3556767.7997
5938,0.0000,0.0000,0.0000,0.0000,0.0001,0.9998,-7225439.4087,-3033938.5263,-7222381.9276,-3031645.4154
5855,0.0000,0.0001,0.0001,0.0001,0.0000,0.9997,-7222381.9276,-3015593.6395,-7219324.4465,-3013300.5286
5856,0.0000,0.0001,0.0001,0.0001,0.0000,0.9997,-7219324.4465,-3015593.6395,-7216266.9653,-3013300.5286
6609,0.0000,0.0001,0.0016,0.0003,0.9482,0.0499,-5718101.2112,-3153180.2904,-5715043.7300,-3150887.1795
5864,0.0000,0.0000,0.0000,0.0004,0.9991,0.0005,-7234611.8521,-3017886.7503,-7231554.3710,-3015593.6395
5865,0.0000,0.0000,0.0000,0.0004,0.9991,0.0005,-7231554.3710,-3017886.7503,-7228496.8899,-3015593.6395
5867,0.0000,0.0001,0.0001,0.0001,0.0000,0.9997,-7225439.4087,-3017886.7503,-7222381.9276,-3015593.6395
5868,0.0000,0.0001,0.0001,0.0001,0.0000,0.9997,-7222381.9276,-3017886.7503,-7219324.4465,-3015593.6395
5870,0.0000,0.0001,0.0001,0.0001,0.0000,0.9997,-7216266.9653,-3017886.7503,-7213209.4842,-3015593.6395
8125,0.0009,0.0072,0.9006,0.0854,0.0059,0.0000,-5987159.5507,-3513198.6935,-5984102.0696,-3510905.5827
8258,0.0000,0.0000,0.0003,0.0001,0.5884,0.4111,-5993274.5129,-3543009.1346,-5990217.0318,-3540716.0237
6662,0.0005,0.0031,0.0205,0.7442,0.2314,0.0002,-5733388.6168,-3160059.6229,-5730331.1357,-3157766.5121
6113,0.0020,0.0069,0.0279,0.0120,0.7658,0.1854,-7271301.6257,-3072921.4107,-7268244.1446,-3070628.2998
5875,0.0000,0.0001,0.0001,0.0001,0.0000,0.9997,-7228496.8899,-3020179.8612,-7225439.4087,-3017886.7503
7857,0.0000,0.0001,0.0032,0.7522,0.2445,0.0000,-5831228.0130,-3309111.8281,-5828170.5319,-3306818.7172
5878,0.0000,0.0001,0.0001,0.0001,0.0000,0.9997,-7219324.4465,-3020179.8612,-7216266.9653,-3017886.7503
7661,0.0000,0.0001,0.0039,0.0156,0.9797,0.0006,-5809825.6451,-3283887.6087,-5806768.1640,-3281594.4979
7866,0.0007,0.0049,0.9922,0.0021,0.0002,0.0000,-5852630.3809,-3311404.9389,-5849572.8998,-3309111.8281
5890,0.0000,0.0001,0.0000,0.0000,0.0001,0.9997,-7231554.3710,-3024766.0829,-7228496.8899,-3022472.9720
6286,0.0078,0.0616,0.9144,0.0143,0.0015,0.0003,-7274359.1068,-3109611.1843,-7271301.6257,-3107318.0734
7659,0.0004,0.0010,0.0064,0.0470,0.9423,0.0030,-5815940.6073,-3283887.6087,-5812883.1262,-3281594.4979
5879,0.0002,0.0004,0.0006,0.0008,0.0003,0.9978,-7240726.8144,-3022472.9720,-7237669.3333,-3020179.8612
5880,0.0001,0.0001,0.0007,0.0031,0.9868,0.0092,-7237669.3333,-3022472.9720,-7234611.8521,-3020179.8612
5882,0.0001,0.0001,0.0007,0.0031,0.9868,0.0092,-7231554.3710,-3022472.9720,-7228496.8899,-3020179.8612
5883,0.0002,0.0004,0.0006,0.0008,0.0003,0.9978,-7228496.8899,-3022472.9720,-7225439.4087,-3020179.8612
5887,0.0002,0.0004,0.0006,0.0008,0.0003,0.9978,-7240726.8144,-3024766.0829,-7237669.3333,-3022472.9720
7873,0.0000,0.0005,0.0021,0.9034,0.0940,0.0000,-5831228.0130,-3311404.9389,-5828170.5319,-3309111.8281
5889,0.0001,0.0001,0.0007,0.0031,0.9868,0.0092,-7234611.8521,-3024766.0829,-7231554.3710,-3022472.9720
8182,0.0000,0.0000,0.0000,0.0000,0.0008,0.9991,-5984102.0696,-3526957.3586,-5981044.5884,-3524664.2478
7725,0.0000,0.0000,0.0000,0.0000,0.0004,0.9995,-5803710.6828,-3293060.0521,-5800653.2017,-3290766.9413
5891,0.0002,0.0004,0.0006,0.0008,0.0003,0.9978,-7228496.8899,-3024766.0829,-7225439.4087,-3022472.9720
8294,0.0000,0.0000,0.0000,0.0000,0.0104,0.9895,-5990217.0318,-3549888.4671,-5987159.5507,-3547595.3563
6296,0.0001,0.0003,0.0004,0.0002,0.0046,0.9944,-7280474.0691,-3111904.2951,-7277416.5880,-3109611.1843
6613,0.0001,0.0003,0.0004,0.0002,0.0046,0.9944,-5705871.2866,-3153180.2904,-5702813.8055,-3150887.1795
7149,0.0004,0.0010,0.0064,0.0470,0.9423,0.0030,-5739503.5791,-3173818.2880,-5736446.0979,-3171525.1772
6496,0.0001,0.0002,0.0004,0.0003,0.0237,0.9753,-5699756.3244,-3139421.6253,-5696698.8432,-3137128.5144
7261,0.0808,0.1213,0.7813,0.0119,0.0037,0.0009,-5754790.9847,-3194456.2856,-5751733.5036,-3192163.1748
7274,0.0001,0.0003,0.0004,0.0002,0.0046,0.9944,-5739503.5791,-3196749.3965,-5736446.0979,-3194456.2856
7707,0.0001,0.0003,0.0004,0.0002,0.0046,0.9944,-5800653.2017,-3290766.9413,-5797595.7206,-3288473.8304
5893,0.0002,0.0004,0.0006,0.0008,0.0003,0.9978,-7222381.9276,-3024766.0829,-7219324.4465,-3022472.9720
5895,0.0001,0.0001,0.0007,0.0031,0.9868,0.0092,-7216266.9653,-3024766.0829,-7213209.4842,-3022472.9720
5900,0.0002,0.0004,0.0006,0.0008,0.0003,0.9978,-7228496.8899,-3027059.1937,-7225439.4087,-3024766.0829
7780,0.0019,0.0072,0.8959,0.0173,0.0776,0.0002,-5815940.6073,-3299939.3847,-5812883.1262,-3297646.2738
6171,0.0022,0.0126,0.3969,0.4354,0.1524,0.0004,-7256014.2200,-3086680.0758,-7252956.7389,-3084386.9649
5903,0.0001,0.0001,0.0007,0.0031,0.9868,0.0092,-7219324.4465,-3027059.1937,-7216266.9653,-3024766.0829
7757,0.0006,0.0013,0.0045,0.0043,0.2060,0.7834,-5825113.0507,-3297646.2738,-5822055.5696,-3295353.1630
5904,0.0002,0.0004,0.0006,0.0008,0.0003,0.9978,-7216266.9653,-3027059.1937,-7213209.4842,-3024766.0829
7804,0.0022,0.0126,0.3969,0.4354,0.1524,0.0004,-5800653.2017,-3302232.4955,-5797595.7206,-3299939.3847
5905,0.0002,0.0004,0.0006,0.0008,0.0003,0.9978,-7188749.6352,-3027059.1937,-7185692.1540,-3024766.0829
8004,0.0004,0.0008,0.0042,0.0023,0.3819,0.6104,-5867917.7866,-3332042.9365,-5864860.3054,-3329749.8257
5906,0.0001,0.0001,0.0007,0.0031,0.9868,0.0092,-7185692.1540,-3027059.1937,-7182634.6729,-3024766.0829
5907,0.0002,0.0004,0.0006,0.0008,0.0003,0.9978,-7182634.6729,-3027059.1937,-7179577.1918,-3024766.0829
8046,0.0078,0.0616,0.9144,0.0143,0.0015,0.0003,-5846515.4187,-3338922.2691,-5843457.9375,-3336629.1582
8092,0.0001,0.0003,0.0004,0.0002,0.0046,0.9944,-5837342.9753,-3348094.7125,-5834285.4941,-3345801.6016
5908,0.0002,0.0004,0.0006,0.0008,0.0003,0.9978,-7240726.8144,-3029352.3046,-7237669.3333,-3027059.1937
8145,0.0000,0.0005,0.0021,0.9034,0.0940,0.0000,-5971872.1450,-3517784.9152,-5968814.6639,-3515491.8044
5909,0.0002,0.0004,0.0006,0.0008,0.0003,0.9978,-7237669.3333,-3029352.3046,-7234611.8521,-3027059.1937
8274,0.0000,0.0000,0.0000,0.0000,0.0104,0.9895,-5984102.0696,-3545302.2454,-5981044.5884,-3543009.1346
5747,0.0001,0.0001,0.0007,0.0031,0.9868,0.0092,-7191807.1163,-2976610.7551,-7188749.6352,-2974317.6442
6226,0.0040,0.0144,0.1398,0.4201,0.3902,0.0314,-7277416.5880,-3098145.6300,-7274359.1068,-3095852.5192
7373,0.0013,0.0021,0.0204,0.0125,0.7462,0.2175,-5742561.0602,-3217387.3941,-5739503.5791,-3215094.2833
7420,0.0001,0.0002,0.0027,0.0028,0.9671,0.0271,-5745618.5413,-3226559.8375,-5742561.0602,-3224266.7267
7547,0.0001,0.0002,0.0027,0.0028,0.9671,0.0271,-5809825.6451,-3258663.3894,-5806768.1640,-3256370.2785
7511,0.0001,0.0007,0.0250,0.4942,0.4799,0.0001,-5788423.2772,-3249490.9460,-5785365.7960,-3247197.8352
7993,0.0001,0.0007,0.0250,0.4942,0.4799,0.0001,-5864860.3054,-3329749.8257,-5861802.8243,-3327456.7148
8184,0.0001,0.0002,0.0027,0.0028,0.9671,0.0271,-5977987.1073,-3526957.3586,-5974929.6262,-3524664.2478
8187,0.0000,0.0000,0.0010,0.0228,0.9762,0.0000,-6002446.9563,-3529250.4695,-5999389.4752,-3526957.3586
6047,0.0006,0.0015,0.0343,0.0804,0.8776,0.0056,-7240726.8144,-3054576.5239,-7237669.3333,-3052283.4131
6071,0.0001,0.0003,0.0004,0.0002,0.0046,0.9944,-7256014.2200,-3061455.8564,-7252956.7389,-3059162.7456
7594,0.0001,0.0003,0.0004,0.0002,0.0046,0.9944,-5818998.0885,-3270128.9436,-5815940.6073,-3267835.8328
7630,0.0001,0.0002,0.0027,0.0028,0.9671,0.0271,-5818998.0885,-3277008.2762,-5815940.6073,-3274715.1653
7937,0.0013,0.0021,0.0204,0.0125,0.7462,0.2175,-5818998.0885,-3320577.3823,-5815940.6073,-3318284.2714
5752,0.0001,0.0001,0.0007,0.0031,0.9868,0.0092,-7164289.7861,-2976610.7551,-7161232.3050,-2974317.6442
5753,0.0001,0.0001,0.0007,0.0031,0.9868,0.0092,-7197922.0786,-2978903.8659,-7194864.5974,-2976610.7551
8147,0.0001,0.0003,0.0004,0.0002,0.0023,0.9966,-5990217.0318,-3520078.0261,-5987159.5507,-3517784.9152
8168,0.0015,0.0030,0.0179,0.0241,0.7058,0.2477,-5990217.0318,-3524664.2478,-5987159.5507,-3522371.1369
6307,0.0001,0.0003,0.0004,0.0002,0.0046,0.9944,-7280474.0691,-3114197.4060,-7277416.5880,-3111904.2951
7242,0.0004,0.0008,0.0042,0.0023,0.3819,0.6104,-5739503.5791,-3189870.0639,-5736446.0979,-3187576.9531
7505,0.0001,0.0002,0.0027,0.0028,0.9671,0.0271,-5754790.9847,-3247197.8352,-5751733.5036,-3244904.7243
7628,0.0010,0.0022,0.0052,0.0029,0.0243,0.9643,-5825113.0507,-3277008.2762,-5822055.5696,-3274715.1653
6438,0.0005,0.0031,0.0055,0.6304,0.3603,0.0002,-5684468.9187,-3134835.4036,-5681411.4376,-3132542.2927
8049,0.0004,0.0008,0.0042,0.0023,0.3819,0.6104,-5837342.9753,-3338922.2691,-5834285.4941,-3336629.1582
5756,0.0002,0.0004,0.0006,0.0008,0.0003,0.9978,-7188749.6352,-2978903.8659,-7185692.1540,-2976610.7551
8088,0.0001,0.0003,0.0004,0.0002,0.0023,0.9966,-5855687.8621,-3348094.7125,-5852630.3809,-3345801.6016
5761,0.0001,0.0001,0.0007,0.0031,0.9868,0.0092,-7197922.0786,-2981196.9768,-7194864.5974,-2978903.8659
5773,0.0001,0.0001,0.0007,0.0031,0.9868,0.0092,-7197922.0786,-2988076.3093,-7194864.5974,-2985783.1985
7944,0.0000,0.0000,0.0000,0.0000,0.0008,0.9991,-5852630.3809,-3322870.4931,-5849572.8998,-3320577.3823
5780,0.0002,0.0004,0.0006,0.0008,0.0003,0.9978,-7213209.4842,-2994955.6418,-7210152.0031,-2992662.5310
7277,0.0000,0.0004,0.0068,0.9396,0.0532,0.0000,-5754790.9847,-3199042.5073,-5751733.5036,-3196749.3965
7366,0.0001,0.0002,0.0018,0.0014,0.7646,0.2319,-5763963.4281,-3217387.3941,-5760905.9470,-3215094.2833
7582,0.0000,0.0004,0.0068,0.9396,0.0532,0.0000,-5812883.1262,-3267835.8328,-5809825.6451,-3265542.7219
6520,0.0001,0.0003,0.0004,0.0002,0.0090,0.9900,-5702813.8055,-3141714.7361,-5699756.3244,-3139421.6253
7882,0.1008,0.8743,0.0237,0.0012,0.0000,0.0000,-5852630.3809,-3313698.0498,-5849572.8998,-3311404.9389
7238,0.0006,0.0013,0.0045,0.0043,0.2060,0.7834,-5751733.5036,-3189870.0639,-5748676.0225,-3187576.9531
7287,0.0001,0.0002,0.0004,0.0003,0.0237,0.9753,-5748676.0225,-3201335.6182,-5745618.5413,-3199042.5073
5785,0.0001,0.0001,0.0007,0.0031,0.9868,0.0092,-7185692.1540,-2994955.6418,-7182634.6729,-2992662.5310
5797,0.0002,0.0004,0.0005,0.0004,0.0008,0.9978,-7210152.0031,-2999541.8635,-7207094.5219,-2997248.7527
5798,0.0002,0.0004,0.0006,0.0008,0.0003,0.9978,-7207094.5219,-2999541.8635,-7204037.0408,-2997248.7527
7439,0.0000,0.0000,0.0003,0.0002,0.9972,0.0022,-5803710.6828,-3231146.0592,-5800653.2017,-3228852.9484
5804,0.0014,0.0025,0.0107,0.0204,0.8148,0.1502,-7210152.0031,-3001834.9744,-7207094.5219,-2999541.8635
5809,0.0012,0.0027,0.0062,0.0062,0.0081,0.9756,-7210152.0031,-3004128.0852,-7207094.5219,-3001834.9744
8167,0.0000,0.0000,0.0000,0.0000,0.9997,0.0002,-5993274.5129,-3524664.2478,-5990217.0318,-3522371.1369
5810,0.0014,0.0025,0.0107,0.0204,0.8148,0.1502,-7197922.0786,-3004128.0852,-7194864.5974,-3001834.9744
8267,0.0000,0.0000,0.0000,0.0000,0.0002,0.9997,-6005504.4375,-3545302.2454,-6002446.9563,-3543009.1346
6469,0.0004,0.0008,0.0042,0.0023,0.3819,0.6104,-5693641.3621,-3137128.5144,-5690583.8810,-3134835.4036
6007,0.0001,0.0003,0.0004,0.0002,0.0046,0.9944,-7240726.8144,-3036231.6371,-7237669.3333,-3033938.5263
7200,0.0009,0.0023,0.0047,0.0033,0.0470,0.9418,-5742561.0602,-3182990.7314,-5739503.5791,-3180697.6206
7411,0.0001,0.0001,0.0011,0.0004,0.8855,0.1129,-5739503.5791,-3224266.7267,-5736446.0979,-3221973.6158
7479,0.0000,0.0004,0.0068,0.9396,0.0532,0.0000,-5779250.8338,-3242611.6135,-5776193.3526,-3240318.5026
8065,0.0005,0.0031,0.0205,0.7442,0.2314,0.0002,-5861802.8243,-3343508.4908,-5858745.3432,-3341215.3799
6240,0.7084,0.1966,0.0814,0.0078,0.0037,0.0020,-7268244.1446,-3100438.7409,-7265186.6634,-3098145.6300
5881,0.0001,0.0003,0.0004,0.0002,0.0090,0.9900,-7234611.8521,-3022472.9720,-7231554.3710,-3020179.8612
6670,0.0001,0.0003,0.0004,0.0002,0.0046,0.9944,-5708928.7678,-3160059.6229,-5705871.2866,-3157766.5121
7112,0.0000,0.0000,0.0007,0.0042,0.9947,0.0003,-5736446.0979,-3169232.0663,-5733388.6168,-3166938.9555
7454,0.0010,0.0022,0.0052,0.0029,0.0243,0.9643,-5806768.1640,-3235732.2809,-5803710.6828,-3233439.1701
7629,0.0001,0.0001,0.0011,0.0004,0.8855,0.1129,-5822055.5696,-3277008.2762,-5818998.0885,-3274715.1653
8206,0.0010,0.0022,0.0052,0.0029,0.0243,0.9643,-5977987.1073,-3531543.5803,-5974929.6262,-3529250.4695
8251,0.0001,0.0003,0.0004,0.0002,0.0090,0.9900,-5977987.1073,-3540716.0237,-5974929.6262,-3538422.9129
8281,0.0000,0.0000,0.0000,0.0000,0.0104,0.9895,-5996331.9941,-3547595.3563,-5993274.5129,-3545302.2454
6159,0.0000,0.0000,0.0003,0.0002,0.9972,0.0022,-7259071.7012,-3084386.9649,-7256014.2200,-3082093.8541
6649,0.0001,0.0003,0.0004,0.0002,0.0046,0.9944,-5715043.7300,-3157766.5121,-5711986.2489,-3155473.4012
6698,0.0001,0.0003,0.0025,0.0057,0.9591,0.0323,-5736446.0979,-3164645.8446,-5733388.6168,-3162352.7338
6258,0.0000,0.0000,0.0000,0.0000,0.0004,0.9995,-7289646.5125,-3105024.9626,-7286589.0314,-3102731.8517
7310,0.0005,0.0011,0.0034,0.0041,0.3389,0.6520,-5757848.4659,-3208214.9507,-5754790.9847,-3205921.8399
7210,0.0000,0.0000,0.0007,0.0042,0.9947,0.0003,-5751733.5036,-3185283.8423,-5748676.0225,-3182990.7314
7840,0.0393,0.6259,0.3025,0.0289,0.0023,0.0011,-5812883.1262,-3306818.7172,-5809825.6451,-3304525.6064
6111,0.0001,0.0003,0.0004,0.0002,0.0046,0.9944,-7277416.5880,-3072921.4107,-7274359.1068,-3070628.2998
6074,0.0000,0.0000,0.0000,0.0000,0.0004,0.9995,-7243784.2955,-3061455.8564,-7240726.8144,-3059162.7456
6553,0.0001,0.0003,0.0004,0.0002,0.0046,0.9944,-5693641.3621,-3146300.9578,-5690583.8810,-3144007.8470
6668,0.0000,0.0001,0.0039,0.0156,0.9797,0.0006,-5715043.7300,-3160059.6229,-5711986.2489,-3157766.5121
7626,0.0000,0.0004,0.0068,0.9396,0.0532,0.0000,-5794538.2394,-3274715.1653,-5791480.7583,-3272422.0545
7893,0.0000,0.0000,0.0000,0.0000,0.0001,0.9999,-5815940.6073,-3313698.0498,-5812883.1262,-3311404.9389
6062,0.0005,0.0031,0.0205,0.7442,0.2314,0.0002,-7259071.7012,-3059162.7456,-7256014.2200,-3056869.6348
6222,0.0078,0.0616,0.9144,0.0143,0.0015,0.0003,-7289646.5125,-3098145.6300,-7286589.0314,-3095852.5192
6594,0.0001,0.0003,0.0004,0.0002,0.0046,0.9944,-5687526.3998,-3150887.1795,-5684468.9187,-3148594.0687
7358,0.0000,0.0000,0.0003,0.0002,0.9972,0.0022,-5742561.0602,-3215094.2833,-5739503.5791,-3212801.1724
6318,0.0001,0.0003,0.0004,0.0002,0.0046,0.9944,-7280474.0691,-3116490.5168,-7277416.5880,-3114197.4060
7714,0.0001,0.0002,0.0018,0.0014,0.7646,0.2319,-5837342.9753,-3293060.0521,-5834285.4941,-3290766.9413
8207,0.0006,0.0015,0.0343,0.0804,0.8776,0.0056,-6008561.9186,-3533836.6912,-6005504.4375,-3531543.5803
6153,0.0010,0.0022,0.0052,0.0029,0.0243,0.9643,-7280474.0691,-3084386.9649,-7277416.5880,-3082093.8541
6392,0.0006,0.0013,0.0045,0.0043,0.2060,0.7834,-5718101.2112,-3132542.2927,-5715043.7300,-3130249.1819
6620,0.0004,0.0010,0.0064,0.0470,0.9423,0.0030,-5745618.5413,-3155473.4012,-5742561.0602,-3153180.2904
7258,0.0000,0.0000,0.0003,0.0002,0.9972,0.0022,-5739503.5791,-3192163.1748,-5736446.0979,-3189870.0639
6419,0.0001,0.0002,0.0027,0.0028,0.9671,0.0271,-5708928.7678,-3134835.4036,-5705871.2866,-3132542.2927
6598,0.0001,0.0003,0.0025,0.0057,0.9591,0.0323,-5751733.5036,-3153180.2904,-5748676.0225,-3150887.1795
6075,0.0001,0.0003,0.0004,0.0002,0.0046,0.9944,-7240726.8144,-3061455.8564,-7237669.3333,-3059162.7456
7432,0.0001,0.0003,0.0004,0.0002,0.0046,0.9944,-5748676.0225,-3228852.9484,-5745618.5413,-3226559.8375
8192,0.0001,0.0002,0.0027,0.0028,0.9671,0.0271,-5987159.5507,-3529250.4695,-5984102.0696,-3526957.3586
7436,0.0001,0.0002,0.0027,0.0028,0.9671,0.0271,-5736446.0979,-3228852.9484,-5733388.6168,-3226559.8375
6325,0.0001,0.0002,0.0027,0.0028,0.9671,0.0271,-7283531.5502,-3118783.6277,-7280474.0691,-3116490.5168
7497,0.0000,0.0001,0.0007,0.0086,0.9903,0.0003,-5791480.7583,-3247197.8352,-5788423.2772,-3244904.7243
7793,0.0005,0.0029,0.0689,0.7933,0.1342,0.0002,-5834285.4941,-3302232.4955,-5831228.0130,-3299939.3847
7588,0.0005,0.0031,0.0055,0.6304,0.3603,0.0002,-5794538.2394,-3267835.8328,-5791480.7583,-3265542.7219
6146,0.0000,0.0000,0.0000,0.0000,0.0004,0.9995,-7265186.6634,-3082093.8541,-7262129.1823,-3079800.7432
7636,0.0001,0.0003,0.0025,0.0057,0.9591,0.0323,-5794538.2394,-3277008.2762,-5791480.7583,-3274715.1653
6152,0.0000,0.0000,0.0003,0.0002,0.9972,0.0022,-7246841.7766,-3082093.8541,-7243784.2955,-3079800.7432
6611,0.0000,0.0000,0.0000,0.0000,0.0004,0.9995,-5711986.2489,-3153180.2904,-5708928.7678,-3150887.1795
7734,0.0000,0.0000,0.0003,0.0002,0.9972,0.0022,-5834285.4941,-3295353.1630,-5831228.0130,-3293060.0521
7816,0.0000,0.0000,0.0003,0.0002,0.9972,0.0022,-5825113.0507,-3304525.6064,-5822055.5696,-3302232.4955
8014,0.0000,0.0000,0.0000,0.0000,0.0004,0.9995,-5834285.4941,-3332042.9365,-5831228.0130,-3329749.8257
8083,0.0000,0.0000,0.0003,0.0001,0.9760,0.0236,-5834285.4941,-3345801.6016,-5831228.0130,-3343508.4908
6414,0.0001,0.0002,0.0005,0.0002,0.0545,0.9445,-5715043.7300,-3134835.4036,-5711986.2489,-3132542.2927
6471,0.0001,0.0002,0.0004,0.0003,0.0237,0.9753,-5690583.8810,-3137128.5144,-5687526.3998,-3134835.4036
7648,0.0000,0.0000,0.0000,0.0000,0.9998,0.0002,-5825113.0507,-3281594.4979,-5822055.5696,-3279301.3870
6338,0.0036,0.0185,0.9453,0.0234,0.0089,0.0002,-7262129.1823,-3121076.7385,-7259071.7012,-3118783.6277
6691,0.0001,0.0003,0.0004,0.0002,0.0023,0.9966,-5699756.3244,-3162352.7338,-5696698.8432,-3160059.6229
6123,0.0001,0.0003,0.0004,0.0002,0.0046,0.9944,-7259071.7012,-3075214.5215,-7256014.2200,-3072921.4107
7104,0.0001,0.0003,0.0004,0.0002,0.0023,0.9966,-5702813.8055,-3166938.9555,-5699756.3244,-3164645.8446
7451,0.0000,0.0000,0.0003,0.0002,0.9972,0.0022,-5776193.3526,-3233439.1701,-5773135.8715,-3231146.0592
7462,0.0000,0.0000,0.0000,0.0000,0.0004,0.9995,-5782308.3149,-3238025.3918,-5779250.8338,-3235732.2809
7339,0.0004,0.0010,0.0064,0.0470,0.9423,0.0030,-5754790.9847,-3212801.1724,-5751733.5036,-3210508.0616
7345,0.0001,0.0002,0.0027,0.0028,0.9671,0.0271,-5736446.0979,-3212801.1724,-5733388.6168,-3210508.0616
7768,0.0000,0.0000,0.0000,0.0000,0.0001,0.9999,-5852630.3809,-3299939.3847,-5849572.8998,-3297646.2738
7825,0.0001,0.0001,0.0029,0.0014,0.9729,0.0226,-5797595.7206,-3304525.6064,-5794538.2394,-3302232.4955
6121,0.0001,0.0003,0.0004,0.0002,0.0046,0.9944,-7274359.1068,-3075214.5215,-7271301.6257,-3072921.4107
6066,0.0000,0.0000,0.0000,0.0000,0.0008,0.9991,-7240726.8144,-3059162.7456,-7237669.3333,-3056869.6348
6287,0.7084,0.1966,0.0814,0.0078,0.0037,0.0020,-7271301.6257,-3109611.1843,-7268244.1446,-3107318.0734
6453,0.0001,0.0003,0.0004,0.0002,0.0023,0.9966,-5715043.7300,-3137128.5144,-5711986.2489,-3134835.4036
7145,0.0004,0.0010,0.0064,0.0470,0.9423,0.0030,-5751733.5036,-3173818.2880,-5748676.0225,-3171525.1772
6224,0.0000,0.0000,0.0000,0.0000,0.0008,0.9991,-7283531.5502,-3098145.6300,-7280474.0691,-3095852.5192
7563,0.0004,0.0008,0.0042,0.0023,0.3819,0.6104,-5809825.6451,-3263249.6111,-5806768.1640,-3260956.5002
7565,0.0001,0.0001,0.0029,0.0014,0.9729,0.0226,-5803710.6828,-3263249.6111,-5800653.2017,-3260956.5002
8012,0.0001,0.0001,0.0011,0.0004,0.8855,0.1129,-5840400.4564,-3332042.9365,-5837342.9753,-3329749.8257
8312,0.0000,0.0000,0.0000,0.0000,0.0001,0.9999,-6005504.4375,-3554474.6888,-6002446.9563,-3552181.5780
8162,0.0000,0.0000,0.0000,0.0000,0.0008,0.9991,-6008561.9186,-3524664.2478,-6005504.4375,-3522371.1369
5884,0.0001,0.0003,0.0004,0.0002,0.0046,0.9944,-7225439.4087,-3022472.9720,-7222381.9276,-3020179.8612
6109,0.0000,0.0000,0.0000,0.0000,0.0008,0.9991,-7222381.9276,-3070628.2998,-7219324.4465,-3068335.1890
6181,0.0007,0.0059,0.9832,0.0089,0.0013,0.0000,-7256014.2200,-3088973.1866,-7252956.7389,-3086680.0758
7657,0.0001,0.0003,0.0025,0.0057,0.9591,0.0323,-5822055.5696,-3283887.6087,-5818998.0885,-3281594.4979
7830,0.0004,0.0008,0.0042,0.0023,0.3819,0.6104,-5843457.9375,-3306818.7172,-5840400.4564,-3304525.6064
8156,0.0001,0.0002,0.0027,0.0028,0.9671,0.0271,-5987159.5507,-3522371.1369,-5984102.0696,-3520078.0261
6015,0.0001,0.0003,0.0004,0.0002,0.0023,0.9966,-7234611.8521,-3038524.7480,-7231554.3710,-3036231.6371
6365,0.0022,0.0126,0.3969,0.4354,0.1524,0.0004,-7274359.1068,-3127956.0710,-7271301.6257,-3125662.9602
7268,0.0001,0.0003,0.0004,0.0002,0.0046,0.9944,-5773135.8715,-3196749.3965,-5770078.3904,-3194456.2856
7296,0.0001,0.0002,0.0027,0.0028,0.9671,0.0271,-5745618.5413,-3203628.7290,-5742561.0602,-3201335.6182
7368,0.0001,0.0002,0.0027,0.0028,0.9671,0.0271,-5757848.4659,-3217387.3941,-5754790.9847,-3215094.2833
7820,0.0009,0.0023,0.0047,0.0033,0.0470,0.9418,-5812883.1262,-3304525.6064,-5809825.6451,-3302232.4955
8006,0.0000,0.0000,0.0000,0.0000,0.0001,0.9999,-5861802.8243,-3332042.9365,-5858745.3432,-3329749.8257
6173,0.0311,0.3239,0.5384,0.0812,0.0239,0.0014,-7249899.2578,-3086680.0758,-7246841.7766,-3084386.9649
6394,0.0001,0.0003,0.0004,0.0002,0.0046,0.9944,-5711986.2489,-3132542.2927,-5708928.7678,-3130249.1819
7638,0.0000,0.0000,0.0003,0.0005,0.9965,0.0027,-5825113.0507,-3279301.3870,-5822055.5696,-3277008.2762
7684,0.0001,0.0003,0.0004,0.0002,0.0046,0.9944,-5818998.0885,-3288473.8304,-5815940.6073,-3286180.7196
7697,0.0005,0.0031,0.0205,0.7442,0.2314,0.0002,-5834285.4941,-3290766.9413,-5831228.0130,-3288473.8304
7785,0.0005,0.0031,0.0205,0.7442,0.2314,0.0002,-5797595.7206,-3299939.3847,-5794538.2394,-3297646.2738
8259,0.0000,0.0000,0.0000,0.0000,0.0104,0.9895,-5990217.0318,-3543009.1346,-5987159.5507,-3540716.0237
8315,0.0001,0.0001,0.0004,0.0004,0.2016,0.7974,-5996331.9941,-3554474.6888,-5993274.5129,-3552181.5780
8074,0.0000,0.0000,0.0000,0.0000,0.0008,0.9991,-5864860.3054,-3345801.6016,-5861802.8243,-3343508.4908
7291,0.0022,0.0126,0.3969,0.4354,0.1524,0.0004,-5736446.0979,-3201335.6182,-5733388.6168,-3199042.5073
7440,0.0001,0.0003,0.0004,0.0002,0.0046,0.9944,-5800653.2017,-3231146.0592,-5797595.7206,-3228852.9484
7590,0.0001,0.0003,0.0004,0.0002,0.0046,0.9944,-5782308.3149,-3267835.8328,-5779250.8338,-3265542.7219
7698,0.0004,0.0010,0.0064,0.0470,0.9423,0.0030,-5831228.0130,-3290766.9413,-5828170.5319,-3288473.8304
8308,0.0000,0.0000,0.0000,0.0000,0.0004,0.9995,-5977987.1073,-3552181.5780,-5974929.6262,-3549888.4671
5857,0.0001,0.0003,0.0004,0.0002,0.0046,0.9944,-7216266.9653,-3015593.6395,-7213209.4842,-3013300.5286
6057,0.0001,0.0003,0.0004,0.0002,0.0046,0.9944,-7240726.8144,-3056869.6348,-7237669.3333,-3054576.5239
6269,0.0001,0.0003,0.0004,0.0002,0.0046,0.9944,-7292703.9936,-3107318.0734,-7289646.5125,-3105024.9626
6716,0.0019,0.0050,0.1572,0.0351,0.7924,0.0084,-5739503.5791,-3166938.9555,-5736446.0979,-3164645.8446
7265,0.0001,0.0002,0.0027,0.0028,0.9671,0.0271,-5742561.0602,-3194456.2856,-5739503.5791,-3192163.1748
6550,0.0001,0.0003,0.0004,0.0002,0.0090,0.9900,-5702813.8055,-3146300.9578,-5699756.3244,-3144007.8470
7670,0.0022,0.0126,0.3969,0.4354,0.1524,0.0004,-5809825.6451,-3286180.7196,-5806768.1640,-3283887.6087
7898,0.0009,0.0072,0.9006,0.0854,0.0059,0.0000,-5849572.8998,-3315991.1606,-5846515.4187,-3313698.0498
8271,0.0000,0.0000,0.0000,0.0000,0.0001,0.9999,-5993274.5129,-3545302.2454,-5990217.0318,-3543009.1346
8362,0.0000,0.0000,0.0000,0.0000,0.0001,0.9999,-5977987.1073,-3561354.0214,-5974929.6262,-3559060.9105
6090,0.0001,0.0003,0.0004,0.0002,0.0046,0.9944,-7252956.7389,-3066042.0781,-7249899.2578,-3063748.9673
6228,0.0006,0.0013,0.0045,0.0043,0.2060,0.7834,-7271301.6257,-3098145.6300,-7268244.1446,-3095852.5192
7289,0.0001,0.0002,0.0027,0.0028,0.9671,0.0271,-5742561.0602,-3201335.6182,-5739503.5791,-3199042.5073
7297,0.0001,0.0003,0.0004,0.0002,0.0046,0.9944,-5742561.0602,-3203628.7290,-5739503.5791,-3201335.6182
7878,0.0001,0.0003,0.0004,0.0002,0.0046,0.9944,-5815940.6073,-3311404.9389,-5812883.1262,-3309111.8281
8241,0.0001,0.0001,0.0029,0.0014,0.9729,0.0226,-6008561.9186,-3540716.0237,-6005504.4375,-3538422.9129
8256,0.0000,0.0000,0.0000,0.0000,0.0004,0.9995,-5999389.4752,-3543009.1346,-5996331.9941,-3540716.0237
8211,0.0001,0.0002,0.0027,0.0028,0.9671,0.0271,-5996331.9941,-3533836.6912,-5993274.5129,-3531543.5803
6061,0.0001,0.0003,0.0004,0.0002,0.0023,0.9966,-7262129.1823,-3059162.7456,-7259071.7012,-3056869.6348
6605,0.0001,0.0003,0.0004,0.0002,0.0046,0.9944,-5730331.1357,-3153180.2904,-5727273.6546,-3150887.1795
6176,0.0001,0.0003,0.0004,0.0002,0.0046,0.9944,-7277416.5880,-3088973.1866,-7274359.1068,-3086680.0758
6592,0.0001,0.0003,0.0004,0.0002,0.0046,0.9944,-5693641.3621,-3150887.1795,-5690583.8810,-3148594.0687
7367,0.0004,0.0010,0.0064,0.0470,0.9423,0.0030,-5760905.9470,-3217387.3941,-5757848.4659,-3215094.2833
7709,0.0010,0.0022,0.0052,0.0029,0.0243,0.9643,-5794538.2394,-3290766.9413,-5791480.7583,-3288473.8304
7823,0.0006,0.0015,0.0343,0.0804,0.8776,0.0056,-5803710.6828,-3304525.6064,-5800653.2017,-3302232.4955
8091,0.0001,0.0003,0.0004,0.0002,0.0023,0.9966,-5840400.4564,-3348094.7125,-5837342.9753,-3345801.6016
5873,0.0007,0.0014,0.0104,0.0133,0.2418,0.7323,-7234611.8521,-3020179.8612,-7231554.3710,-3017886.7503
8291,0.0468,0.8800,0.0580,0.0126,0.0015,0.0010,-5999389.4752,-3549888.4671,-5996331.9941,-3547595.3563
6330,0.0001,0.0003,0.0004,0.0002,0.0023,0.9966,-7292703.9936,-3121076.7385,-7289646.5125,-3118783.6277
7429,0.0040,0.0144,0.1398,0.4201,0.3902,0.0314,-5770078.3904,-3228852.9484,-5767020.9093,-3226559.8375
7442,0.0013,0.0021,0.0204,0.0125,0.7462,0.2175,-5776193.3526,-3231146.0592,-5773135.8715,-3228852.9484
8329,0.0001,0.0003,0.0004,0.0002,0.0023,0.9966,-5993274.5129,-3556767.7997,-5990217.0318,-3554474.6888
6355,0.0010,0.0022,0.0052,0.0029,0.0243,0.9643,-7274359.1068,-3125662.9602,-7271301.6257,-3123369.8493
7278,0.0040,0.0144,0.1398,0.4201,0.3902,0.0314,-5751733.5036,-3199042.5073,-5748676.0225,-3196749.3965
7284,0.0010,0.0022,0.0052,0.0029,0.0243,0.9643,-5757848.4659,-3201335.6182,-5754790.9847,-3199042.5073
7350,0.0040,0.0144,0.1398,0.4201,0.3902,0.0314,-5767020.9093,-3215094.2833,-5763963.4281,-3212801.1724
7743,0.0010,0.0022,0.0052,0.0029,0.0243,0.9643,-5806768.1640,-3295353.1630,-5803710.6828,-3293060.0521
7970,0.0013,0.0021,0.0204,0.0125,0.7462,0.2175,-5818998.0885,-3325163.6040,-5815940.6073,-3322870.4931
8070,0.0013,0.0021,0.0204,0.0125,0.7462,0.2175,-5840400.4564,-3343508.4908,-5837342.9753,-3341215.3799
5757,0.0010,0.0022,0.0052,0.0029,0.0243,0.9643,-7170404.7484,-2978903.8659,-7167347.2672,-2976610.7551
6198,0.0010,0.0022,0.0052,0.0029,0.0243,0.9643,-7283531.5502,-3093559.4083,-7280474.0691,-3091266.2975
6205,0.0040,0.0144,0.1398,0.4201,0.3902,0.0314,-7252956.7389,-3093559.4083,-7249899.2578,-3091266.2975
7157,0.0013,0.0021,0.0204,0.0125,0.7462,0.2175,-5715043.7300,-3173818.2880,-5711986.2489,-3171525.1772
7361,0.0010,0.0022,0.0052,0.0029,0.0243,0.9643,-5794538.2394,-3217387.3941,-5791480.7583,-3215094.2833
7834,0.0040,0.0144,0.1398,0.4201,0.3902,0.0314,-5831228.0130,-3306818.7172,-5828170.5319,-3304525.6064
7959,0.0013,0.0021,0.0204,0.0125,0.7462,0.2175,-5858745.3432,-3325163.6040,-5855687.8621,-3322870.4931
7973,0.0040,0.0144,0.1398,0.4201,0.3902,0.0314,-5867917.7866,-3327456.7148,-5864860.3054,-3325163.6040
8054,0.0010,0.0022,0.0052,0.0029,0.0243,0.9643,-5855687.8621,-3341215.3799,-5852630.3809,-3338922.2691
6441,0.0013,0.0021,0.0204,0.0125,0.7462,0.2175,-5681411.4376,-3134835.4036,-5678353.9565,-3132542.2927
6704,0.0010,0.0022,0.0052,0.0029,0.0243,0.9643,-5718101.2112,-3164645.8446,-5715043.7300,-3162352.7338
7374,0.0040,0.0144,0.1398,0.4201,0.3902,0.0314,-5739503.5791,-3217387.3941,-5736446.0979,-3215094.2833
7775,0.0013,0.0021,0.0204,0.0125,0.7462,0.2175,-5831228.0130,-3299939.3847,-5828170.5319,-3297646.2738
7849,0.0013,0.0021,0.0204,0.0125,0.7462,0.2175,-5864860.3054,-3309111.8281,-5861802.8243,-3306818.7172
6037,0.0023,0.0060,0.0230,0.0188,0.1280,0.8219,-7237669.3333,-3052283.4131,-7234611.8521,-3049990.3022
8440,0.0000,0.0000,0.0000,0.0000,0.0001,0.9999,9213217.7702,3333055.7272,9216471.1212,3336318.6328
8425,0.0012,0.0027,0.0062,0.0062,0.0081,0.9756,9203429.0533,3339581.5385,9206691.9589,3342844.4441
8434,0.0000,0.0000,0.0000,0.0000,0.0002,0.9997,9213217.7702,3336318.6328,9216471.1212,3339581.5385
8424,0.0012,0.0027,0.0062,0.0062,0.0081,0.9756,9200166.1476,3339581.5385,9203429.0533,3342844.4441
8428,0.0012,0.0027,0.0062,0.0062,0.0081,0.9756,9213217.7702,3339581.5385,9216471.1212,3342844.4441
8468,0.0012,0.0027,0.0062,0.0062,0.0081,0.9756,9376277.0608,3336318.6328,9379539.9664,3339581.5385
8432,0.0012,0.0027,0.0062,0.0062,0.0081,0.9756,9206691.9589,3336318.6328,9209954.8646,3339581.5385
8436,0.0012,0.0027,0.0062,0.0062,0.0081,0.9756,9200166.1476,3333055.7272,9203429.0533,3336318.6328
8437,0.0012,0.0027,0.0062,0.0062,0.0081,0.9756,9203429.0533,3333055.7272,9206691.9589,3336318.6328
8429,0.0012,0.0027,0.0062,0.0062,0.0081,0.9756,9196903.2420,3336318.6328,9200166.1476,3339581.5385
8430,0.0012,0.0027,0.0062,0.0062,0.0081,0.9756,9200166.1476,3336318.6328,9203429.0533,3339581.5385
8431,0.0012,0.0027,0.0062,0.0062,0.0081,0.9756,9203429.0533,3336318.6328,9206691.9589,3339581.5385
8433,0.0000,0.0000,0.0000,0.0001,0.0001,0.9998,9209954.8646,3336318.6328,9213217.7702,3339581.5385
8442,0.0000,0.0000,0.0000,0.0000,0.0004,0.9995,9389328.6834,3313487.8479,9392582.0344,3316750.7536
8678,0.0006,0.0023,0.0136,0.0075,0.1346,0.8414,8906647.9591,3378717.2969,8909910.8647,3381980.2026
8720,0.0000,0.0001,0.0002,0.0003,0.0005,0.9989,8919699.5816,3391759.3649,8922952.9327,3395022.2705
8969,0.0003,0.0008,0.0018,0.0024,0.0142,0.9807,8932741.6496,3411327.2441,8936004.5552,3414590.1498
9411,0.0003,0.0008,0.0018,0.0024,0.0142,0.9807,8962088.6911,3473293.7875,8965351.5968,3476556.6931
8547,0.0002,0.0006,0.0009,0.0008,0.0118,0.9858,8900131.7024,3381980.2026,8903385.0534,3385243.1082
8691,0.0033,0.0171,0.9740,0.0034,0.0023,0.0000,8919699.5816,3372191.4857,8922952.9327,3375454.3913
8754,0.0004,0.0014,0.0659,0.0111,0.8740,0.0472,8903385.0534,3440683.8403,8906647.9591,3443946.7459
8878,0.0002,0.0006,0.0010,0.0008,0.0142,0.9833,8922952.9327,3349360.7008,8926215.8383,3352623.6064
9361,0.0001,0.0007,0.0007,0.0003,0.0072,0.9909,8975140.3137,3424378.8667,8978403.2194,3427632.2177
9717,0.0000,0.0000,0.0000,0.0000,0.0012,0.9987,8994708.1930,3424378.8667,8997971.0986,3427632.2177
10536,0.0000,0.0000,0.0000,0.0000,0.0000,1.0000,9089284.6835,3385243.1082,9092547.5892,3388496.4592
8913,0.0003,0.0159,0.9832,0.0006,0.0000,0.0000,8926215.8383,3365675.2290,8929478.7440,3368928.5800
9020,0.0000,0.0001,0.0002,0.0002,0.0036,0.9960,8922952.9327,3456988.8139,8926215.8383,3460251.7195
9130,0.0000,0.0000,0.0000,0.0000,0.0008,0.9991,8949046.6232,3447200.0970,8952309.5288,3450463.0026
9394,0.0000,0.0000,0.0000,0.0000,0.0002,0.9998,8965351.5968,3443946.7459,8968614.5024,3447200.0970
9505,0.0000,0.0000,0.0000,0.0000,0.0001,0.9999,8975140.3137,3502650.3837,8978403.2194,3505903.7347
10457,0.0000,0.0000,0.0000,0.0000,0.0015,0.9985,9056674.7363,3453725.9082,9059928.0873,3456988.8139
8667,0.0000,0.0003,0.0020,0.0505,0.9449,0.0023,8916436.6760,3349360.7008,8919699.5816,3352623.6064
8734,0.0000,0.0000,0.0002,0.0004,0.0449,0.9544,8903385.0534,3417853.0554,8906647.9591,3421115.9611
8936,0.0000,0.0000,0.0000,0.0000,0.0001,0.9999,8929478.7440,3391759.3649,8932741.6496,3395022.2705
9110,0.0000,0.0000,0.0000,0.0000,0.0001,0.9998,8949046.6232,3460251.7195,8952309.5288,3463514.6252
9120,0.0000,0.0000,0.0000,0.0000,0.0000,1.0000,8949046.6232,3453725.9082,8952309.5288,3456988.8139
9389,0.0000,0.0000,0.0000,0.0000,0.0000,1.0000,8968614.5024,3447200.0970,8971877.4081,3450463.0026
9752,0.0000,0.0001,0.0002,0.0003,0.0132,0.9862,8991445.2873,3443946.7459,8994708.1930,3447200.0970
10010,0.0000,0.0000,0.0000,0.0000,0.0004,0.9995,9004487.3553,3401548.0818,9007750.2609,3404810.9875
8823,0.0000,0.0001,0.0001,0.0002,0.0030,0.9966,8916436.6760,3479819.5988,8919699.5816,3483082.5044
8879,0.0000,0.0000,0.0000,0.0000,0.0001,0.9999,8926215.8383,3349360.7008,8929478.7440,3352623.6064
9148,0.0000,0.0000,0.0000,0.0000,0.0006,0.9993,8955572.4345,3476556.6931,8958835.3401,3479819.5988
9846,0.0014,0.0036,0.0120,0.0113,0.0714,0.9002,8984919.4760,3509166.6403,8988182.3817,3512429.5460
10344,0.0000,0.0000,0.0000,0.0000,0.0000,1.0000,9033843.9514,3460251.7195,9037106.8571,3463514.6252
9457,0.0000,0.0001,0.0003,0.0003,0.0084,0.9908,8975140.3137,3489598.7611,8978403.2194,3492861.6667
10059,0.0000,0.0000,0.0000,0.0000,0.0008,0.9992,9007750.2609,3414590.1498,9011013.1666,3417853.0554
10159,0.0000,0.0000,0.0000,0.0000,0.0001,0.9998,9001224.4496,3476556.6931,9004487.3553,3479819.5988
8960,0.0000,0.0000,0.0000,0.0000,0.0003,0.9997,8922952.9327,3414590.1498,8926215.8383,3417853.0554
9316,0.0000,0.0000,0.0000,0.0000,0.0001,0.9999,8968614.5024,3411327.2441,8971877.4081,3414590.1498
9379,0.0000,0.0000,0.0001,0.0002,0.0050,0.9946,8975140.3137,3453725.9082,8978403.2194,3456988.8139
9423,0.0000,0.0000,0.0000,0.0001,0.0033,0.9965,8962088.6911,3466767.9762,8965351.5968,3470030.8818
10142,0.0000,0.0000,0.0000,0.0000,0.0002,0.9998,9004487.3553,3447200.0970,9007750.2609,3450463.0026
8968,0.0000,0.0000,0.0000,0.0000,0.0002,0.9997,8929478.7440,3411327.2441,8932741.6496,3414590.1498
9004,0.0000,0.0000,0.0000,0.0000,0.0007,0.9992,8939267.4609,3430895.1234,8942520.8119,3434158.0290
9066,0.0000,0.0000,0.0000,0.0000,0.0000,1.0000,8939267.4609,3505903.7347,8942520.8119,3509166.6403
10045,0.0000,0.0000,0.0000,0.0000,0.0007,0.9992,9001224.4496,3421115.9611,9004487.3553,3424378.8667
10065,0.0000,0.0000,0.0000,0.0000,0.0000,1.0000,9007750.2609,3411327.2441,9011013.1666,3414590.1498
10533,0.0000,0.0000,0.0000,0.0000,0.0000,1.0000,9095810.4948,3388496.4592,9099063.8458,3391759.3649
8536,0.0000,0.0000,0.0000,0.0001,0.0033,0.9965,8874038.0119,3430895.1234,8877300.9175,3434158.0290
8715,0.0000,0.0000,0.0000,0.0001,0.0033,0.9965,8919699.5816,3395022.2705,8922952.9327,3398285.1762
8912,0.0004,0.0009,0.0198,0.0081,0.9680,0.0030,8922952.9327,3365675.2290,8926215.8383,3368928.5800
9021,0.0002,0.0006,0.0015,0.0018,0.0312,0.9648,8926215.8383,3456988.8139,8929478.7440,3460251.7195
9358,0.0000,0.0000,0.0000,0.0000,0.0002,0.9997,8965351.5968,3424378.8667,8968614.5024,3427632.2177
8848,0.0008,0.0108,0.9758,0.0113,0.0012,0.0000,8922952.9327,3339581.5385,8926215.8383,3342844.4441
8983,0.0000,0.0001,0.0003,0.0004,0.0070,0.9922,8939267.4609,3404810.9875,8942520.8119,3408064.3385
9046,0.0000,0.0000,0.0000,0.0001,0.0033,0.9965,8926215.8383,3473293.7875,8929478.7440,3476556.6931
9425,0.0000,0.0000,0.0001,0.0001,0.0027,0.9971,8968614.5024,3466767.9762,8971877.4081,3470030.8818
9684,0.0000,0.0000,0.0001,0.0001,0.0027,0.9971,8984919.4760,3440683.8403,8988182.3817,3443946.7459
10071,0.0000,0.0001,0.0003,0.0008,0.0070,0.9918,9007750.2609,3408064.3385,9011013.1666,3411327.2441
10559,0.0000,0.0000,0.0000,0.0000,0.0002,0.9998,9086021.7779,3411327.2441,9089284.6835,3414590.1498
8645,0.0005,0.0011,0.0058,0.0099,0.3083,0.6745,8913173.7704,3336318.6328,8916436.6760,3339581.5385
8790,0.0000,0.0001,0.0003,0.0004,0.0070,0.9922,8913173.7704,3460251.7195,8916436.6760,3463514.6252
8830,0.0000,0.0000,0.0000,0.0000,0.0002,0.9997,8916436.6760,3473293.7875,8919699.5816,3476556.6931
9264,0.0001,0.0003,0.0020,0.0060,0.8118,0.1798,8978403.2194,3375454.3913,8981656.5704,3378717.2969
10386,0.0002,0.0006,0.0014,0.0008,0.0095,0.9874,9020792.3289,3473293.7875,9024055.2345,3476556.6931
9574,0.0000,0.0001,0.0003,0.0004,0.0070,0.9922,8994708.1930,3346107.3498,8997971.0986,3349360.7008
9709,0.0000,0.0000,0.0001,0.0001,0.0027,0.9971,8988182.3817,3427632.2177,8991445.2873,3430895.1234
9805,0.0000,0.0001,0.0003,0.0004,0.0070,0.9922,8988182.3817,3492861.6667,8991445.2873,3496124.5724
8857,0.0042,0.0191,0.2637,0.0647,0.5184,0.1298,8929478.7440,3362412.3233,8932741.6496,3365675.2290
9175,0.0005,0.0021,0.0117,0.0068,0.1007,0.8781,8945783.7175,3499387.4780,8949046.6232,3502650.3837
9315,0.0000,0.0000,0.0000,0.0000,0.0002,0.9997,8965351.5968,3411327.2441,8968614.5024,3414590.1498
9669,0.0000,0.0001,0.0003,0.0004,0.0070,0.9922,8994708.1930,3411327.2441,8997971.0986,3414590.1498
9678,0.0000,0.0001,0.0003,0.0004,0.0070,0.9922,8984919.4760,3404810.9875,8988182.3817,3408064.3385
8781,0.0011,0.0030,0.0093,0.0093,0.0626,0.9146,8919699.5816,3427632.2177,8922952.9327,3430895.1234
9002,0.0022,0.0044,0.0263,0.0371,0.4577,0.4723,8932741.6496,3430895.1234,8936004.5552,3434158.0290
9122,0.0002,0.0006,0.0015,0.0018,0.0312,0.9648,8955572.4345,3453725.9082,8958835.3401,3456988.8139
10106,0.0002,0.0005,0.0009,0.0012,0.0021,0.9951,9004487.3553,3427632.2177,9007750.2609,3430895.1234
8659,0.0016,0.0042,0.0161,0.0131,0.0908,0.8742,8909910.8647,3359149.4177,8913173.7704,3362412.3233
10319,0.0016,0.0042,0.0161,0.0131,0.0908,0.8742,9014276.0722,3548302.3988,9017538.9778,3551565.3044
9452,0.0002,0.0006,0.0017,0.0018,0.0274,0.9683,8978403.2194,3492861.6667,8981656.5704,3496124.5724
10358,0.0000,0.0000,0.0000,0.0000,0.0002,0.9997,9027318.1401,3450463.0026,9030581.0458,3453725.9082
9994,0.0002,0.0006,0.0017,0.0018,0.0274,0.9683,9014276.0722,3381980.2026,9017538.9778,3385243.1082
9253,0.0000,0.0001,0.0002,0.0002,0.0009,0.9986,8971877.4081,3381980.2026,8975140.3137,3385243.1082
8632,0.0010,0.0026,0.0091,0.0087,0.1118,0.8668,8896868.7968,3447200.0970,8900131.7024,3450463.0026
8582,0.0002,0.0006,0.0017,0.0018,0.0274,0.9683,8883817.1742,3411327.2441,8887080.0798,3414590.1498
8699,0.0286,0.0466,0.7991,0.0297,0.0890,0.0070,8906647.9591,3365675.2290,8909910.8647,3368928.5800
10052,0.0002,0.0006,0.0015,0.0019,0.0275,0.9684,9004487.3553,3417853.0554,9007750.2609,3421115.9611
10163,0.0010,0.0026,0.0091,0.0087,0.1118,0.8668,9014276.0722,3476556.6931,9017538.9778,3479819.5988
8454,0.0002,0.0004,0.0006,0.0008,0.0003,0.9978,9389328.6834,3306971.5913,9392582.0344,3310224.9423
8479,0.0002,0.0005,0.0010,0.0012,0.0039,0.9933,9373014.1551,3329792.8215,9376277.0608,3333055.7272
8423,0.0012,0.0027,0.0062,0.0062,0.0081,0.9756,9196903.2420,3339581.5385,9200166.1476,3342844.4441
8427,0.0012,0.0027,0.0062,0.0062,0.0081,0.9756,9209954.8646,3339581.5385,9213217.7702,3342844.4441
8435,0.0012,0.0027,0.0062,0.0062,0.0081,0.9756,9196903.2420,3333055.7272,9200166.1476,3336318.6328
8438,0.0012,0.0027,0.0062,0.0062,0.0081,0.9756,9206691.9589,3333055.7272,9209954.8646,3336318.6328
8716,0.0003,0.0010,0.0032,0.0032,0.0547,0.9375,8903385.0534,3391759.3649,8906647.9591,3395022.2705
9770,0.0011,0.0030,0.0105,0.0093,0.0553,0.9207,8991445.2873,3473293.7875,8994708.1930,3476556.6931
9152,0.0000,0.0001,0.0001,0.0002,0.0009,0.9986,8949046.6232,3473293.7875,8952309.5288,3476556.6931
8859,0.0002,0.0005,0.0011,0.0012,0.0018,0.9952,8936004.5552,3362412.3233,8939267.4609,3365675.2290
9726,0.0010,0.0026,0.0091,0.0087,0.1118,0.8668,8984919.4760,3456988.8139,8988182.3817,3460251.7195
8448,0.0012,0.0027,0.0062,0.0062,0.0081,0.9756,9389328.6834,3310224.9423,9392582.0344,3313487.8479
8474,0.0012,0.0027,0.0062,0.0062,0.0081,0.9756,9376277.0608,3333055.7272,9379539.9664,3336318.6328
9422,0.0002,0.0006,0.0017,0.0020,0.0130,0.9826,8978403.2194,3470030.8818,8981656.5704,3473293.7875
9653,0.0011,0.0030,0.0105,0.0093,0.0553,0.9207,8981656.5704,3417853.0554,8984919.4760,3421115.9611
10488,0.0005,0.0012,0.0073,0.0115,0.5112,0.4684,9050148.9250,3473293.7875,9053411.8307,3476556.6931
9731,0.0000,0.0001,0.0002,0.0002,0.0005,0.9990,8981656.5704,3453725.9082,8984919.4760,3456988.8139
9818,0.0011,0.0030,0.0105,0.0093,0.0553,0.9207,8991445.2873,3486335.8554,8994708.1930,3489598.7611
8532,0.0007,0.0017,0.0106,0.0154,0.5449,0.4267,8874038.0119,3434158.0290,8877300.9175,3437420.9347
10097,0.0052,0.0193,0.1019,0.2050,0.4735,0.1950,9014276.0722,3434158.0290,9017538.9778,3437420.9347
8668,0.0000,0.0000,0.0000,0.0000,0.0017,0.9982,8919699.5816,3349360.7008,8922952.9327,3352623.6064
8690,0.0022,0.0053,0.0417,0.0444,0.5118,0.3947,8909910.8647,3372191.4857,8913173.7704,3375454.3913
8887,0.0002,0.0006,0.0017,0.0019,0.0310,0.9648,8932741.6496,3381980.2026,8936004.5552,3385243.1082
10093,0.0000,0.0000,0.0000,0.0000,0.0000,1.0000,9001224.4496,3434158.0290,9004487.3553,3437420.9347
10465,0.0001,0.0003,0.0013,0.0030,0.4032,0.5920,9043623.1137,3447200.0970,9046886.0194,3450463.0026
10546,0.0000,0.0001,0.0003,0.0004,0.0149,0.9844,9082758.8722,3417853.0554,9086021.7779,3421115.9611
9758,0.0012,0.0027,0.0062,0.0062,0.0081,0.9756,8991445.2873,3479819.5988,8994708.1930,3483082.5044
9930,0.0008,0.0039,0.0558,0.0218,0.9165,0.0011,9014276.0722,3303708.6856,9017538.9778,3306971.5913
8805,0.0000,0.0001,0.0002,0.0002,0.0010,0.9984,8903385.0534,3450463.0026,8906647.9591,3453725.9082
8996,0.0010,0.0026,0.0091,0.0087,0.1118,0.8668,8929478.7440,3434158.0290,8932741.6496,3437420.9347
9092,0.0010,0.0026,0.0091,0.0087,0.1118,0.8668,8958835.3401,3440683.8403,8962088.6911,3443946.7459
9650,0.0002,0.0005,0.0010,0.0012,0.0039,0.9933,8991445.2873,3421115.9611,8994708.1930,3424378.8667
9973,0.0046,0.0094,0.0851,0.0767,0.6915,0.1327,9007750.2609,3329792.8215,9011013.1666,3333055.7272
8583,0.0010,0.0026,0.0091,0.0087,0.1118,0.8668,8887080.0798,3411327.2441,8890342.9855,3414590.1498
9039,0.0010,0.0026,0.0091,0.0087,0.1118,0.8668,8936004.5552,3443946.7459,8939267.4609,3447200.0970
9064,0.0010,0.0026,0.0091,0.0087,0.1118,0.8668,8939267.4609,3509166.6403,8942520.8119,3512429.5460
9241,0.0002,0.0005,0.0010,0.0012,0.0039,0.9933,8975140.3137,3362412.3233,8978403.2194,3365675.2290
9401,0.0000,0.0001,0.0001,0.0002,0.0009,0.9986,8968614.5024,3479819.5988,8971877.4081,3483082.5044
8545,0.0010,0.0026,0.0091,0.0087,0.1118,0.8668,8880563.8232,3424378.8667,8883817.1742,3427632.2177
8827,0.0010,0.0026,0.0091,0.0087,0.1118,0.8668,8919699.5816,3476556.6931,8922952.9327,3479819.5988
8842,0.0000,0.0001,0.0003,0.0004,0.0079,0.9913,8913173.7704,3463514.6252,8916436.6760,3466767.9762
9416,0.0000,0.0000,0.0000,0.0001,0.0018,0.9981,8978403.2194,3473293.7875,8981656.5704,3476556.6931
9985,0.0000,0.0001,0.0003,0.0004,0.0070,0.9922,9001224.4496,3349360.7008,9004487.3553,3352623.6064
10564,0.0000,0.0000,0.0000,0.0000,0.0004,0.9996,9082758.8722,3408064.3385,9086021.7779,3411327.2441
9399,0.0065,0.0068,0.0110,0.0006,0.0007,0.9744,8962088.6911,3479819.5988,8965351.5968,3483082.5044
9896,0.0002,0.0007,0.0024,0.0020,0.0158,0.9790,8991445.2873,3522218.2629,8994708.1930,3525471.6139
9915,0.0012,0.0031,0.0118,0.0095,0.0607,0.9137,8981656.5704,3545039.4932,8984919.4760,3548302.3988
9948,0.0003,0.0003,0.0020,0.0023,0.2261,0.7691,9007750.2609,3313487.8479,9011013.1666,3316750.7536
10231,0.0000,0.0001,0.0008,0.0011,0.0185,0.9795,9001224.4496,3515692.4516,9004487.3553,3518955.3573
10490,0.0000,0.0000,0.0000,0.0001,0.0017,0.9982,9043623.1137,3470030.8818,9046886.0194,3473293.7875
10083,0.0000,0.0000,0.0000,0.0000,0.0016,0.9983,9007750.2609,3440683.8403,9011013.1666,3443946.7459
10156,0.0000,0.0000,0.0000,0.0000,0.0000,1.0000,9011013.1666,3479819.5988,9014276.0722,3483082.5044
10179,0.0000,0.0000,0.0000,0.0000,0.0001,0.9999,9007750.2609,3466767.9762,9011013.1666,3470030.8818
10519,0.0000,0.0000,0.0000,0.0000,0.0000,1.0000,9086021.7779,3395022.2705,9089284.6835,3398285.1762
8646,0.0006,0.0010,0.0130,0.0236,0.9008,0.0611,8916436.6760,3336318.6328,8919699.5816,3339581.5385
8791,0.0002,0.0007,0.0027,0.0023,0.0236,0.9704,8916436.6760,3460251.7195,8919699.5816,3463514.6252
9997,0.0002,0.0006,0.0021,0.0020,0.0177,0.9773,9004487.3553,3378717.2969,9007750.2609,3381980.2026
8573,0.0007,0.0017,0.0121,0.0149,0.2756,0.6949,8893605.8911,3417853.0554,8896868.7968,3421115.9611
10252,0.0012,0.0031,0.0121,0.0098,0.0661,0.9077,9011013.1666,3505903.7347,9014276.0722,3509166.6403
8965,0.0000,0.0001,0.0003,0.0003,0.0007,0.9986,8939267.4609,3414590.1498,8942520.8119,3417853.0554
10208,0.0002,0.0006,0.0012,0.0013,0.0022,0.9945,9004487.3553,3489598.7611,9007750.2609,3492861.6667
10334,0.0012,0.0031,0.0121,0.0098,0.0661,0.9077,9017538.9778,3567870.2780,9020792.3289,3571133.1837
10335,0.0012,0.0031,0.0121,0.0098,0.0661,0.9077,9007750.2609,3564607.3724,9011013.1666,3567870.2780
10486,0.0002,0.0011,0.0053,0.0117,0.0994,0.8823,9043623.1137,3473293.7875,9046886.0194,3476556.6931
8526,0.0002,0.0006,0.0012,0.0013,0.0022,0.9945,8880563.8232,3417853.0554,8883817.1742,3421115.9611
8538,0.0012,0.0031,0.0121,0.0098,0.0661,0.9077,8880563.8232,3430895.1234,8883817.1742,3434158.0290
8541,0.0027,0.0055,0.0397,0.0472,0.6608,0.2440,8877300.9175,3427632.2177,8880563.8232,3430895.1234
8903,0.0018,0.0022,0.0117,0.0028,0.0673,0.9143,8932741.6496,3372191.4857,8936004.5552,3375454.3913
8683,0.0015,0.0040,0.0604,0.0355,0.8293,0.0693,8903385.0534,3375454.3913,8906647.9591,3378717.2969
8594,0.0006,0.0010,0.0097,0.0247,0.9118,0.0522,8893605.8911,3440683.8403,8896868.7968,3443946.7459
8743,0.0008,0.0019,0.0096,0.0167,0.3276,0.6435,8903385.0534,3411327.2441,8906647.9591,3414590.1498
8931,0.0002,0.0006,0.0016,0.0020,0.0147,0.9808,8926215.8383,3395022.2705,8929478.7440,3398285.1762
9072,0.0011,0.0030,0.0103,0.0095,0.0622,0.9139,8942520.8119,3355886.5121,8945783.7175,3359149.4177
9335,0.0011,0.0030,0.0103,0.0095,0.0622,0.9139,8968614.5024,3437420.9347,8971877.4081,3440683.8403
9491,0.0002,0.0006,0.0016,0.0020,0.0147,0.9808,8968614.5024,3509166.6403,8971877.4081,3512429.5460
9628,0.0002,0.0006,0.0016,0.0020,0.0147,0.9808,8997971.0986,3395022.2705,9001224.4496,3398285.1762
9801,0.0011,0.0030,0.0103,0.0095,0.0622,0.9139,8994708.1930,3496124.5724,8997971.0986,3499387.4780
10176,0.0002,0.0006,0.0018,0.0020,0.0166,0.9788,9017538.9778,3470030.8818,9020792.3289,3473293.7875
8589,0.0002,0.0006,0.0016,0.0020,0.0147,0.9808,8900131.7024,3408064.3385,8903385.0534,3411327.2441
8774,0.0002,0.0006,0.0016,0.0020,0.0147,0.9808,8916436.6760,3430895.1234,8919699.5816,3434158.0290
8937,0.0021,0.0041,0.0285,0.0367,0.6484,0.2802,8932741.6496,3391759.3649,8936004.5552,3395022.2705
8997,0.0011,0.0030,0.0103,0.0095,0.0622,0.9139,8932741.6496,3434158.0290,8936004.5552,3437420.9347
9720,0.0002,0.0006,0.0016,0.0020,0.0147,0.9808,8984919.4760,3460251.7195,8988182.3817,3463514.6252
9082,0.0012,0.0031,0.0092,0.0098,0.0554,0.9213,8942520.8119,3411327.2441,8945783.7175,3414590.1498
10225,0.0002,0.0006,0.0018,0.0020,0.0166,0.9788,9001224.4496,3518955.3573,9004487.3553,3522218.2629
9542,0.0021,0.0041,0.0285,0.0367,0.6484,0.2802,8997971.0986,3342844.4441,9001224.4496,3346107.3498
10253,0.0011,0.0030,0.0103,0.0095,0.0622,0.9139,9014276.0722,3505903.7347,9017538.9778,3509166.6403
9267,0.0012,0.0031,0.0092,0.0098,0.0554,0.9213,8975140.3137,3372191.4857,8978403.2194,3375454.3913
9025,0.0060,0.0047,0.0580,0.0163,0.8323,0.0827,8929478.7440,3453725.9082,8932741.6496,3456988.8139
9247,0.0002,0.0005,0.0009,0.0013,0.0018,0.9953,8975140.3137,3352623.6064,8978403.2194,3355886.5121
10348,0.0002,0.0006,0.0016,0.0020,0.0147,0.9808,9033843.9514,3456988.8139,9037106.8571,3460251.7195
9075,0.0011,0.0030,0.0103,0.0095,0.0622,0.9139,8942520.8119,3421115.9611,8945783.7175,3424378.8667
10056,0.0002,0.0005,0.0010,0.0012,0.0021,0.9949,9017538.9778,3417853.0554,9020792.3289,3421115.9611
9060,0.0002,0.0005,0.0009,0.0013,0.0018,0.9953,8939267.4609,3492861.6667,8942520.8119,3496124.5724
8775,0.0011,0.0030,0.0103,0.0095,0.0622,0.9139,8919699.5816,3430895.1234,8922952.9327,3434158.0290
10537,0.0002,0.0005,0.0014,0.0016,0.0180,0.9784,9092547.5892,3385243.1082,9095810.4948,3388496.4592
9532,0.0011,0.0030,0.0103,0.0095,0.0622,0.9139,8975140.3137,3522218.2629,8978403.2194,3525471.6139
9699,0.0012,0.0027,0.0062,0.0062,0.0081,0.9756,8994708.1930,3434158.0290,8997971.0986,3437420.9347
9711,0.0012,0.0027,0.0062,0.0062,0.0081,0.9756,8994708.1930,3427632.2177,8997971.0986,3430895.1234
9972,0.0048,0.0156,0.0625,0.3241,0.1013,0.4917,9004487.3553,3329792.8215,9007750.2609,3333055.7272
9729,0.0012,0.0027,0.0062,0.0062,0.0081,0.9756,8994708.1930,3456988.8139,8997971.0986,3460251.7195
8627,0.0048,0.0156,0.0625,0.3241,0.1013,0.4917,8900131.7024,3456988.8139,8903385.0534,3460251.7195
9244,0.0012,0.0027,0.0062,0.0062,0.0081,0.9756,8978403.2194,3359149.4177,8981656.5704,3362412.3233
9756,0.0012,0.0027,0.0062,0.0062,0.0081,0.9756,8984919.4760,3479819.5988,8988182.3817,3483082.5044
9071,0.0014,0.0025,0.0107,0.0204,0.8148,0.1502,8945783.7175,3359149.4177,8949046.6232,3362412.3233
9518,0.0012,0.0027,0.0062,0.0062,0.0081,0.9756,8968614.5024,3528734.5196,8971877.4081,3531997.4252
10664,0.0000,0.0000,0.0016,0.0002,0.9812,0.0170,9421938.6306,3202606.3838,9425201.5362,3205869.2894
10873,0.0000,0.0000,0.0000,0.0000,0.0001,0.9999,9448032.3211,3245005.0479,9451285.6721,3248267.9536
8554,0.0013,0.0060,0.0247,0.8472,0.0162,0.1045,8900131.7024,3401548.0818,8903385.0534,3404810.9875
9284,0.0002,0.0004,0.0006,0.0008,0.0003,0.9978,8975140.3137,3391759.3649,8978403.2194,3395022.2705
9563,0.0002,0.0004,0.0006,0.0008,0.0003,0.9978,8997971.0986,3355886.5121,9001224.4496,3359149.4177
10214,0.0002,0.0004,0.0006,0.0008,0.0003,0.9978,9004487.3553,3486335.8554,9007750.2609,3489598.7611
10462,0.0012,0.0027,0.0062,0.0062,0.0081,0.9756,9053411.8307,3450463.0026,9056674.7363,3453725.9082
10464,0.0002,0.0004,0.0006,0.0008,0.0003,0.9978,9040360.2081,3447200.0970,9043623.1137,3450463.0026
10531,0.0002,0.0004,0.0006,0.0008,0.0003,0.9978,9089284.6835,3388496.4592,9092547.5892,3391759.3649
10938,0.0000,0.0000,0.0000,0.0000,0.0000,1.0000,9444769.4154,3248267.9536,9448032.3211,3251521.3046
11101,0.0000,0.0000,0.0000,0.0000,0.0000,1.0000,9461074.3890,3245005.0479,9464337.2947,3248267.9536
11431,0.0000,0.0000,0.0000,0.0000,0.0002,0.9997,9487168.0796,3251521.3046,9490421.4306,3254784.2102
11484,0.0000,0.0000,0.0000,0.0000,0.0000,1.0000,9503473.0532,3160207.7197,9506735.9588,3163470.6253
11536,0.0000,0.0000,0.0000,0.0000,0.0000,1.0000,9500210.1475,3169996.4366,9503473.0532,3173249.7876
11623,0.0000,0.0000,0.0000,0.0000,0.0000,1.0000,9519778.0267,3179775.5989,9523040.9324,3183038.5046
11694,0.0000,0.0000,0.0000,0.0000,0.0000,1.0000,9523040.9324,3212385.5461,9526303.8380,3215648.4517
11461,0.0000,0.0000,0.0000,0.0000,0.0000,1.0000,9487168.0796,3271089.1838,9490421.4306,3274352.0895
11029,0.0000,0.0000,0.0000,0.0001,0.0057,0.9943,9457811.4834,3205869.2894,9461074.3890,3209132.1951
11513,0.0000,0.0000,0.0000,0.0000,0.0001,0.9998,9500210.1475,3183038.5046,9503473.0532,3186301.4102
11594,0.0000,0.0000,0.0000,0.0000,0.0001,0.9999,9496947.2419,3254784.2102,9500210.1475,3258047.1159
11741,0.0000,0.0002,0.0007,0.0010,0.0114,0.9866,9523040.9324,3264572.9272,9526303.8380,3267835.8328
11869,0.0000,0.0000,0.0000,0.0000,0.0000,1.0000,9529557.1891,3228700.0743,9532820.0947,3231953.4253
10683,0.0017,0.0131,0.9102,0.0208,0.0534,0.0008,9425201.5362,3192817.6669,9428464.4418,3196080.5725
10698,0.0000,0.0000,0.0000,0.0000,0.0001,0.9999,9418675.7249,3222174.2630,9421938.6306,3225437.1687
10985,0.0000,0.0000,0.0000,0.0000,0.0000,1.0000,9464337.2947,3163470.6253,9467600.2003,3166733.5310
11096,0.0000,0.0000,0.0000,0.0000,0.0000,1.0000,9464337.2947,3209132.1951,9467600.2003,3212385.5461
11170,0.0000,0.0001,0.0013,0.0005,0.0478,0.9503,9451285.6721,3284140.8064,9454548.5777,3287403.7120
11643,0.0000,0.0000,0.0000,0.0000,0.0003,0.9997,9523040.9324,3202606.3838,9526303.8380,3205869.2894
11668,0.0005,0.0013,0.0144,0.0085,0.1634,0.8119,9516515.1211,3225437.1687,9519778.0267,3228700.0743
11835,0.0000,0.0000,0.0000,0.0000,0.0011,0.9989,9529557.1891,3218911.3574,9532820.0947,3222174.2630
11777,0.0000,0.0000,0.0001,0.0000,0.0023,0.9976,9529557.1891,3179775.5989,9532820.0947,3183038.5046
10758,0.0000,0.0000,0.0000,0.0000,0.0000,1.0000,9441506.5098,3150428.5574,9444769.4154,3153681.9084
11133,0.0000,0.0002,0.0009,0.0029,0.0200,0.9760,9467600.2003,3228700.0743,9470853.5513,3231953.4253
11238,0.0000,0.0000,0.0022,0.7370,0.2607,0.0001,9483905.1739,3160207.7197,9487168.0796,3163470.6253
11277,0.0002,0.0003,0.0040,0.0080,0.6983,0.2892,9474116.4570,3176512.6933,9477379.3626,3179775.5989
11476,0.0000,0.0000,0.0000,0.0000,0.0000,0.9999,9496947.2419,3163470.6253,9500210.1475,3166733.5310
11558,0.0000,0.0000,0.0000,0.0000,0.0013,0.9987,9493684.3362,3235216.3310,9496947.2419,3238479.2366
11831,0.0000,0.0000,0.0000,0.0000,0.0000,1.0000,9529557.1891,3222174.2630,9532820.0947,3225437.1687
10697,0.0000,0.0000,0.0000,0.0000,0.0024,0.9975,9415412.8193,3222174.2630,9418675.7249,3225437.1687
10872,0.0000,0.0000,0.0001,0.0001,0.0015,0.9983,9444769.4154,3245005.0479,9448032.3211,3248267.9536
11373,0.0000,0.0001,0.0005,0.0003,0.0081,0.9911,9474116.4570,3241742.1423,9477379.3626,3245005.0479
11518,0.0000,0.0000,0.0000,0.0000,0.0004,0.9996,9496947.2419,3179775.5989,9500210.1475,3183038.5046
11681,0.0000,0.0000,0.0000,0.0001,0.0810,0.9189,9519778.0267,3218911.3574,9523040.9324,3222174.2630
11775,0.0000,0.0006,0.0011,0.9883,0.0100,0.0000,9542608.8116,3183038.5046,9545871.7173,3186301.4102
11781,0.0000,0.0000,0.0312,0.9308,0.0379,0.0000,9542608.8116,3179775.5989,9545871.7173,3183038.5046
10824,0.0000,0.0000,0.0000,0.0000,0.0003,0.9997,9444769.4154,3192817.6669,9448032.3211,3196080.5725
10830,0.0000,0.0000,0.0000,0.0000,0.0001,0.9999,9444769.4154,3189564.3158,9448032.3211,3192817.6669
10856,0.0000,0.0000,0.0000,0.0000,0.0000,1.0000,9431717.7929,3212385.5461,9434980.6985,3215648.4517
11013,0.0000,0.0000,0.0000,0.0000,0.0004,0.9996,9454548.5777,3176512.6933,9457811.4834,3179775.5989
11155,0.0000,0.0000,0.0000,0.0000,0.0001,0.9999,9461074.3890,3254784.2102,9464337.2947,3258047.1159
11506,0.0000,0.0000,0.0000,0.0000,0.0001,0.9999,9496947.2419,3186301.4102,9500210.1475,3189564.3158
11773,0.0000,0.0000,0.0000,0.0000,0.0022,0.9978,9536083.0003,3183038.5046,9539345.9060,3186301.4102
11855,0.0000,0.0000,0.0000,0.0000,0.0000,1.0000,9542608.8116,3241742.1423,9545871.7173,3245005.0479
10723,0.0003,0.0048,0.0507,0.2348,0.5243,0.1851,9421938.6306,3209132.1951,9425201.5362,3212385.5461
10794,0.0000,0.0000,0.0000,0.0000,0.0004,0.9996,9444769.4154,3169996.4366,9448032.3211,3173249.7876
11473,0.0000,0.0000,0.0001,0.0001,0.0023,0.9975,9506735.9588,3166733.5310,9509989.3098,3169996.4366
11496,0.0000,0.0000,0.0000,0.0000,0.0004,0.9996,9503473.0532,3153681.9084,9506735.9588,3156944.8140
11533,0.0000,0.0000,0.0000,0.0001,0.0213,0.9786,9490421.4306,3169996.4366,9493684.3362,3173249.7876
11817,0.0000,0.0000,0.0000,0.0000,0.0000,1.0000,9529557.1891,3192817.6669,9532820.0947,3196080.5725
10974,0.0000,0.0000,0.0000,0.0000,0.0000,1.0000,9444769.4154,3267835.8328,9448032.3211,3271089.1838
11088,0.0000,0.0000,0.0000,0.0000,0.0000,1.0000,9457811.4834,3212385.5461,9461074.3890,3215648.4517
11095,0.0000,0.0000,0.0000,0.0000,0.0011,0.9989,9461074.3890,3209132.1951,9464337.2947,3212385.5461
11187,0.0000,0.0000,0.0000,0.0000,0.0002,0.9998,9467600.2003,3277614.9951,9470853.5513,3280877.9008
11246,0.0000,0.0000,0.0000,0.0000,0.0005,0.9995,9470853.5513,3153681.9084,9474116.4570,3156944.8140
11289,0.0000,0.0000,0.0001,0.0025,0.4934,0.5040,9474116.4570,3169996.4366,9477379.3626,3173249.7876
11397,0.0000,0.0000,0.0000,0.0000,0.0005,0.9994,9474116.4570,3228700.0743,9477379.3626,3231953.4253
11620,0.0000,0.0000,0.0000,0.0000,0.0000,1.0000,9509989.3098,3179775.5989,9513252.2155,3183038.5046
11698,0.0000,0.0000,0.0000,0.0000,0.0001,0.9999,9516515.1211,3209132.1951,9519778.0267,3212385.5461
11705,0.0000,0.0000,0.0000,0.0000,0.0000,1.0000,9519778.0267,3245005.0479,9523040.9324,3248267.9536
10671,0.0000,0.0000,0.0000,0.0000,0.0001,0.9999,9425201.5362,3199343.4782,9428464.4418,3202606.3838
11037,0.0000,0.0000,0.0000,0.0000,0.0110,0.9890,9464337.2947,3202606.3838,9467600.2003,3205869.2894
11150,0.0000,0.0000,0.0000,0.0000,0.0000,1.0000,9464337.2947,3258047.1159,9467600.2003,3261310.0215
11346,0.0000,0.0000,0.0000,0.0000,0.0000,1.0000,9483905.1739,3218911.3574,9487168.0796,3222174.2630
11380,0.0008,0.9906,0.0082,0.0003,0.0000,0.0000,9477379.3626,3238479.2366,9480642.2683,3241742.1423
11404,0.0000,0.0000,0.0001,0.0001,0.0013,0.9984,9477379.3626,3264572.9272,9480642.2683,3267835.8328
11541,0.0000,0.0000,0.0000,0.0000,0.0000,1.0000,9496947.2419,3245005.0479,9500210.1475,3248267.9536
11585,0.0000,0.0000,0.0000,0.0000,0.0095,0.9904,9503473.0532,3261310.0215,9506735.9588,3264572.9272
11645,0.0000,0.0000,0.0000,0.0000,0.0000,1.0000,9509989.3098,3199343.4782,9513252.2155,3202606.3838
11760,0.0000,0.0000,0.0000,0.0000,0.0000,1.0000,9509989.3098,3248267.9536,9513252.2155,3251521.3046
10725,0.0000,0.0000,0.0000,0.0000,0.0003,0.9997,9428464.4418,3209132.1951,9431717.7929,3212385.5461
10804,0.0000,0.0000,0.0000,0.0000,0.0000,1.0000,9438243.6041,3202606.3838,9441506.5098,3205869.2894
10816,0.0000,0.0000,0.0000,0.0000,0.0000,1.0000,9438243.6041,3196080.5725,9441506.5098,3199343.4782
10870,0.0000,0.0000,0.0000,0.0000,0.0009,0.9991,9438243.6041,3245005.0479,9441506.5098,3248267.9536
11128,0.0000,0.0000,0.0000,0.0000,0.0001,0.9999,9451285.6721,3228700.0743,9454548.5777,3231953.4253
11165,0.0000,0.0000,0.0001,0.0000,0.0006,0.9992,9454548.5777,3248267.9536,9457811.4834,3251521.3046
11614,0.0000,0.0000,0.0000,0.0000,0.0000,1.0000,9509989.3098,3183038.5046,9513252.2155,3186301.4102
11739,0.0002,0.0010,0.0031,0.0024,0.0162,0.9771,9513252.2155,3264572.9272,9516515.1211,3267835.8328
11845,0.0000,0.0000,0.0000,0.0002,0.0080,0.9919,9529557.1891,3209132.1951,9532820.0947,3212385.5461
10702,0.0000,0.0000,0.0000,0.0000,0.0000,1.0000,9412149.9136,3218911.3574,9415412.8193,3222174.2630
10784,0.0000,0.0000,0.0000,0.0000,0.0015,0.9984,9431717.7929,3173249.7876,9434980.6985,3176512.6933
10828,0.0001,0.0004,0.8442,0.1429,0.0123,0.0000,9438243.6041,3189564.3158,9441506.5098,3192817.6669
10922,0.0000,0.0000,0.0000,0.0000,0.0000,1.0000,9431717.7929,3254784.2102,9434980.6985,3258047.1159
11261,0.0000,0.0000,0.0000,0.0000,0.0001,0.9999,9480642.2683,3186301.4102,9483905.1739,3189564.3158
11443,0.0010,0.0033,0.0129,0.0128,0.0864,0.8835,9474116.4570,3280877.9008,9477379.3626,3284140.8064
11563,0.0000,0.0001,0.0021,0.0002,0.0297,0.9680,9490421.4306,3231953.4253,9493684.3362,3235216.3310
11666,0.0000,0.0000,0.0000,0.0000,0.0001,0.9999,9509989.3098,3225437.1687,9513252.2155,3228700.0743
10712,0.0000,0.0000,0.0000,0.0000,0.0000,1.0000,9425201.5362,3215648.4517,9428464.4418,3218911.3574
10831,0.0000,0.0000,0.0000,0.0000,0.0001,0.9999,9448032.3211,3189564.3158,9451285.6721,3192817.6669
11222,0.0010,0.0033,0.0129,0.0128,0.0864,0.8835,9470853.5513,3166733.5310,9474116.4570,3169996.4366
11401,0.0000,0.0000,0.0000,0.0000,0.0000,1.0000,9487168.0796,3228700.0743,9490421.4306,3231953.4253
11784,0.0000,0.0000,0.0001,0.0001,0.0058,0.9940,9532820.0947,3176512.6933,9536083.0003,3179775.5989
10933,0.0000,0.0000,0.0000,0.0000,0.0000,1.0000,9448032.3211,3251521.3046,9451285.6721,3254784.2102
10948,0.0000,0.0000,0.0000,0.0000,0.0002,0.9998,9438243.6041,3280877.9008,9441506.5098,3284140.8064
11480,0.0000,0.0000,0.0000,0.0000,0.0002,0.9998,9490421.4306,3160207.7197,9493684.3362,3163470.6253
11692,0.0000,0.0000,0.0000,0.0000,0.0008,0.9991,9516515.1211,3212385.5461,9519778.0267,3215648.4517
11697,0.0000,0.0000,0.0000,0.0000,0.0004,0.9995,9513252.2155,3209132.1951,9516515.1211,3212385.5461
10767,0.0000,0.0000,0.0000,0.0000,0.0001,0.9998,9431717.7929,3183038.5046,9434980.6985,3186301.4102
10997,0.0010,0.0033,0.0129,0.0128,0.0864,0.8835,9461074.3890,3186301.4102,9464337.2947,3189564.3158
11142,0.0000,0.0000,0.0002,0.0004,0.0164,0.9830,9457811.4834,3261310.0215,9461074.3890,3264572.9272
11243,0.0000,0.0000,0.0000,0.0001,0.1469,0.8530,9480642.2683,3156944.8140,9483905.1739,3160207.7197
11291,0.0005,0.0009,0.0159,0.0138,0.4122,0.5568,9480642.2683,3169996.4366,9483905.1739,3173249.7876
11422,0.0000,0.0000,0.0000,0.0000,0.0001,0.9998,9477379.3626,3254784.2102,9480642.2683,3258047.1159
11601,0.0002,0.0010,0.0031,0.0024,0.0162,0.9771,9503473.0532,3251521.3046,9506735.9588,3254784.2102
10905,0.0001,0.0005,0.0026,0.0030,0.0382,0.9555,9434980.6985,3264572.9272,9438243.6041,3267835.8328
11427,0.0000,0.0000,0.0000,0.0000,0.0003,0.9997,9474116.4570,3251521.3046,9477379.3626,3254784.2102
11577,0.0000,0.0000,0.0000,0.0000,0.0001,0.9999,9496947.2419,3264572.9272,9500210.1475,3267835.8328
11591,0.0010,0.0033,0.0129,0.0128,0.0864,0.8835,9503473.0532,3258047.1159,9506735.9588,3261310.0215
11799,0.0000,0.0000,0.0000,0.0000,0.0019,0.9980,9542608.8116,3169996.4366,9545871.7173,3173249.7876
10791,0.0000,0.0001,0.0002,0.0002,0.0037,0.9958,9434980.6985,3169996.4366,9438243.6041,3173249.7876
11144,0.0000,0.0000,0.0000,0.0000,0.0028,0.9971,9464337.2947,3261310.0215,9467600.2003,3264572.9272
11468,0.0000,0.0000,0.0001,0.0020,0.9979,0.0000,9490421.4306,3166733.5310,9493684.3362,3169996.4366
11659,0.0000,0.0001,0.0076,0.0037,0.9887,0.0000,9516515.1211,3192817.6669,9519778.0267,3196080.5725
10852,0.0000,0.0000,0.0000,0.0000,0.0002,0.9998,9438243.6041,3215648.4517,9441506.5098,3218911.3574
10894,0.0003,0.0007,0.0055,0.0072,0.1282,0.8582,9438243.6041,3231953.4253,9441506.5098,3235216.3310
11204,0.0000,0.0001,0.0004,0.0003,0.0122,0.9870,9464337.2947,3267835.8328,9467600.2003,3271089.1838
11268,0.0001,0.0005,0.0026,0.0030,0.0382,0.9555,9483905.1739,3183038.5046,9487168.0796,3186301.4102
11351,0.0000,0.0000,0.0000,0.0000,0.0001,0.9999,9480642.2683,3215648.4517,9483905.1739,3218911.3574
11581,0.0000,0.0000,0.0000,0.0000,0.0005,0.9995,9490421.4306,3261310.0215,9493684.3362,3264572.9272
11627,0.0000,0.0000,0.0001,0.0001,0.0044,0.9953,9519778.0267,3176512.6933,9523040.9324,3179775.5989
10679,0.0001,0.9933,0.0055,0.0011,0.0001,0.0000,9412149.9136,3192817.6669,9415412.8193,3196080.5725
10752,0.0000,0.0001,0.0003,0.0003,0.0089,0.9904,9434980.6985,3153681.9084,9438243.6041,3156944.8140
10798,0.0000,0.0000,0.0000,0.0000,0.0001,0.9999,9438243.6041,3205869.2894,9441506.5098,3209132.1951
10967,0.0000,0.0000,0.0000,0.0000,0.0002,0.9998,9441506.5098,3271089.1838,9444769.4154,3274352.0895
11126,0.0000,0.0000,0.0000,0.0000,0.0000,1.0000,9464337.2947,3231953.4253,9467600.2003,3235216.3310
11319,0.0000,0.0000,0.0000,0.0000,0.0001,0.9998,9474116.4570,3192817.6669,9477379.3626,3196080.5725
11489,0.0000,0.0000,0.0000,0.0000,0.0002,0.9998,9500210.1475,3156944.8140,9503473.0532,3160207.7197
10700,0.0000,0.0000,0.0000,0.0000,0.0003,0.9997,9425201.5362,3222174.2630,9428464.4418,3225437.1687
10796,0.0000,0.0000,0.0000,0.0001,0.0004,0.9995,9431717.7929,3205869.2894,9434980.6985,3209132.1951
11414,0.0000,0.0000,0.0000,0.0000,0.0010,0.9990,9470853.5513,3258047.1159,9474116.4570,3261310.0215
11454,0.0010,0.0033,0.0129,0.0128,0.0864,0.8835,9480642.2683,3274352.0895,9483905.1739,3277614.9951
11615,0.0000,0.0000,0.0000,0.0000,0.0000,1.0000,9513252.2155,3183038.5046,9516515.1211,3186301.4102
11664,0.0000,0.0000,0.0000,0.0000,0.0016,0.9984,9513252.2155,3189564.3158,9516515.1211,3192817.6669
11796,0.0000,0.0000,0.0000,0.0000,0.0013,0.9987,9532820.0947,3169996.4366,9536083.0003,3173249.7876
10996,0.0000,0.0000,0.0000,0.0000,0.0001,0.9999,9457811.4834,3186301.4102,9461074.3890,3189564.3158
11038,0.0000,0.0001,0.0005,0.0007,0.0161,0.9826,9467600.2003,3202606.3838,9470853.5513,3205869.2894
11052,0.0000,0.0000,0.0000,0.0000,0.0215,0.9785,9454548.5777,3192817.6669,9457811.4834,3196080.5725
11124,0.0000,0.0000,0.0000,0.0000,0.0005,0.9995,9457811.4834,3231953.4253,9461074.3890,3235216.3310
11504,0.0000,0.0000,0.0000,0.0000,0.0000,1.0000,9490421.4306,3186301.4102,9493684.3362,3189564.3158
11647,0.0010,0.0033,0.0129,0.0128,0.0864,0.8835,9516515.1211,3199343.4782,9519778.0267,3202606.3838
11703,0.0000,0.0000,0.0000,0.0000,0.0001,0.9999,9513252.2155,3245005.0479,9516515.1211,3248267.9536
10757,0.0000,0.0003,0.0596,0.0379,0.9021,0.0000,9438243.6041,3150428.5574,9441506.5098,3153681.9084
11125,0.0000,0.0000,0.0000,0.0000,0.0008,0.9992,9461074.3890,3231953.4253,9464337.2947,3235216.3310
11164,0.0001,0.0005,0.0018,0.0027,0.0240,0.9709,9451285.6721,3248267.9536,9454548.5777,3251521.3046
11266,0.0000,0.0000,0.0000,0.0001,0.0205,0.9794,9477379.3626,3183038.5046,9480642.2683,3186301.4102
11281,0.0011,0.0053,0.0211,0.1386,0.0572,0.7766,9487168.0796,3176512.6933,9490421.4306,3179775.5989
11400,0.0000,0.0000,0.0000,0.0000,0.0000,1.0000,9483905.1739,3228700.0743,9487168.0796,3231953.4253
11559,0.0000,0.0000,0.0000,0.0000,0.0000,1.0000,9496947.2419,3235216.3310,9500210.1475,3238479.2366
11617,0.0000,0.0001,0.0002,0.0002,0.0030,0.9964,9519778.0267,3183038.5046,9523040.9324,3186301.4102
10871,0.0003,0.0049,0.5614,0.0199,0.0483,0.3652,9441506.5098,3245005.0479,9444769.4154,3248267.9536
11163,0.0001,0.0005,0.0019,0.0023,0.0245,0.9707,9467600.2003,3251521.3046,9470853.5513,3254784.2102
11411,0.0001,0.0005,0.0010,0.0009,0.0175,0.9799,9480642.2683,3261310.0215,9483905.1739,3264572.9272
11622,0.0000,0.0000,0.0000,0.0000,0.0165,0.9835,9516515.1211,3179775.5989,9519778.0267,3183038.5046
11867,0.0000,0.0000,0.0000,0.0000,0.0000,1.0000,9542608.8116,3231953.4253,9545871.7173,3235216.3310
10713,0.0000,0.0000,0.0000,0.0000,0.0024,0.9976,9428464.4418,3215648.4517,9431717.7929,3218911.3574
11048,0.0000,0.0001,0.0004,0.0004,0.0043,0.9948,9461074.3890,3196080.5725,9464337.2947,3199343.4782
11152,0.0000,0.0000,0.0000,0.0000,0.0000,1.0000,9451285.6721,3254784.2102,9454548.5777,3258047.1159
11381,0.0000,0.0000,0.0000,0.0000,0.0021,0.9979,9480642.2683,3238479.2366,9483905.1739,3241742.1423
11789,0.0000,0.0001,0.0002,0.0002,0.0030,0.9964,9529557.1891,3173249.7876,9532820.0947,3176512.6933
11848,0.0010,0.0033,0.0129,0.0128,0.0864,0.8835,9542608.8116,3209132.1951,9545871.7173,3212385.5461
11012,0.0009,0.0022,0.0157,0.0289,0.5217,0.4306,9451285.6721,3176512.6933,9454548.5777,3179775.5989
11663,0.0000,0.0000,0.0000,0.0000,0.0001,0.9999,9509989.3098,3189564.3158,9513252.2155,3192817.6669
10684,0.0126,0.3134,0.5655,0.0425,0.0108,0.0553,9428464.4418,3192817.6669,9431717.7929,3196080.5725
11112,0.0000,0.0001,0.0005,0.0007,0.0161,0.9826,9457811.4834,3238479.2366,9461074.3890,3241742.1423
11191,0.0010,0.0033,0.0129,0.0128,0.0864,0.8835,9461074.3890,3274352.0895,9464337.2947,3277614.9951
11464,0.0000,0.0001,0.0006,0.0005,0.0067,0.9920,9477379.3626,3267835.8328,9480642.2683,3271089.1838
11658,0.0000,0.0000,0.0002,0.0001,0.0182,0.9815,9513252.2155,3192817.6669,9516515.1211,3196080.5725
11019,0.0129,0.4622,0.5213,0.0030,0.0007,0.0000,9461074.3890,3173249.7876,9464337.2947,3176512.6933
11050,0.0005,0.0004,0.0117,0.0099,0.9124,0.0652,9467600.2003,3196080.5725,9470853.5513,3199343.4782
11355,0.0010,0.0033,0.0129,0.0128,0.0864,0.8835,9474116.4570,3212385.5461,9477379.3626,3215648.4517
11744,0.0010,0.0033,0.0129,0.0128,0.0864,0.8835,9526303.8380,3261310.0215,9529557.1891,3264572.9272
11748,0.0010,0.0033,0.0129,0.0128,0.0864,0.8835,9509989.3098,3254784.2102,9513252.2155,3258047.1159
11769,0.0000,0.0000,0.0008,0.0059,0.9920,0.0013,9539345.9060,3186301.4102,9542608.8116,3189564.3158
11241,0.0000,0.0000,0.0000,0.0000,0.0000,1.0000,9474116.4570,3156944.8140,9477379.3626,3160207.7197
11084,0.0000,0.0000,0.0000,0.0000,0.0001,0.9999,9464337.2947,3215648.4517,9467600.2003,3218911.3574
11293,0.0000,0.0000,0.0000,0.0000,0.0006,0.9994,9487168.0796,3169996.4366,9490421.4306,3173249.7876
11310,0.0000,0.0000,0.0001,0.0001,0.0031,0.9967,9483905.1739,3199343.4782,9487168.0796,3202606.3838
11419,0.0000,0.0001,0.0005,0.0007,0.0161,0.9826,9487168.0796,3258047.1159,9490421.4306,3261310.0215
11582,0.0007,0.0012,0.0083,0.0055,0.2443,0.7401,9493684.3362,3261310.0215,9496947.2419,3264572.9272
11593,0.0000,0.0000,0.0000,0.0000,0.0001,0.9999,9493684.3362,3254784.2102,9496947.2419,3258047.1159
11636,0.0000,0.0000,0.0000,0.0000,0.0000,1.0000,9519778.0267,3205869.2894,9523040.9324,3209132.1951
11746,0.0010,0.0033,0.0129,0.0128,0.0864,0.8835,9523040.9324,3258047.1159,9526303.8380,3261310.0215
10741,0.0000,0.0000,0.0000,0.0000,0.0001,0.9999,9448032.3211,3163470.6253,9451285.6721,3166733.5310
10832,0.0000,0.0001,0.0001,0.0001,0.0016,0.9981,9431717.7929,3225437.1687,9434980.6985,3228700.0743
10980,0.0000,0.0000,0.0000,0.0000,0.0000,1.0000,9461074.3890,3166733.5310,9464337.2947,3169996.4366
11151,0.0000,0.0000,0.0001,0.0000,0.0081,0.9918,9467600.2003,3258047.1159,9470853.5513,3261310.0215
11177,0.0001,0.0005,0.0010,0.0009,0.0175,0.9799,9454548.5777,3280877.9008,9457811.4834,3284140.8064
11242,0.0000,0.0002,0.0006,0.0046,0.0089,0.9856,9477379.3626,3156944.8140,9480642.2683,3160207.7197
11255,0.0160,0.0351,0.4101,0.1445,0.3285,0.0658,9480642.2683,3150428.5574,9483905.1739,3153681.9084
11690,0.0059,0.5408,0.1762,0.1633,0.1130,0.0008,9509989.3098,3212385.5461,9513252.2155,3215648.4517
11644,0.0000,0.0001,0.0001,0.0001,0.0015,0.9982,9526303.8380,3202606.3838,9529557.1891,3205869.2894
10952,0.0000,0.0000,0.0000,0.0000,0.0000,1.0000,9431717.7929,3277614.9951,9434980.6985,3280877.9008
11160,0.0000,0.0001,0.0003,0.0002,0.0049,0.9945,9457811.4834,3251521.3046,9461074.3890,3254784.2102
11412,0.0000,0.0000,0.0000,0.0002,0.0059,0.9939,9483905.1739,3261310.0215,9487168.0796,3264572.9272
11435,0.0000,0.0000,0.0000,0.0000,0.0002,0.9998,9480642.2683,3248267.9536,9483905.1739,3251521.3046
11523,0.0000,0.0000,0.0000,0.0000,0.0012,0.9987,9493684.3362,3176512.6933,9496947.2419,3179775.5989
11808,0.0000,0.0000,0.0000,0.0002,0.9998,0.0000,9529557.1891,3199343.4782,9532820.0947,3202606.3838
11031,0.0000,0.0000,0.0000,0.0000,0.0005,0.9995,9464337.2947,3205869.2894,9467600.2003,3209132.1951
11213,0.0065,0.5135,0.2769,0.0215,0.0315,0.1501,9487168.0796,3143902.7461,9490421.4306,3147165.6517
11486,0.0028,0.0049,0.0352,0.0512,0.6995,0.2065,9490421.4306,3156944.8140,9493684.3362,3160207.7197
11816,0.0000,0.0000,0.0000,0.0000,0.0000,1.0000,9542608.8116,3196080.5725,9545871.7173,3199343.4782
11535,0.0000,0.0000,0.0000,0.0001,0.0222,0.9777,9496947.2419,3169996.4366,9500210.1475,3173249.7876
10937,0.0011,0.0130,0.9535,0.0260,0.0062,0.0002,9441506.5098,3248267.9536,9444769.4154,3251521.3046
11545,0.0001,0.0003,0.0016,0.0019,0.0279,0.9681,9490421.4306,3241742.1423,9493684.3362,3245005.0479
10744,0.0000,0.0000,0.0000,0.0000,0.0001,0.9999,9441506.5098,3160207.7197,9444769.4154,3163470.6253
11375,0.0000,0.0002,0.0005,0.0004,0.0041,0.9948,9480642.2683,3241742.1423,9483905.1739,3245005.0479
11477,0.0001,0.0003,0.0011,0.0015,0.0178,0.9791,9500210.1475,3163470.6253,9503473.0532,3166733.5310
11679,0.0000,0.0000,0.0000,0.0000,0.0000,1.0000,9513252.2155,3218911.3574,9516515.1211,3222174.2630
10911,0.0000,0.0000,0.0000,0.0000,0.0000,1.0000,9434980.6985,3261310.0215,9438243.6041,3264572.9272
11211,0.9996,0.0004,0.0001,0.0000,0.0000,0.0000,9480642.2683,3143902.7461,9483905.1739,3147165.6517
11312,0.0000,0.0000,0.0000,0.0000,0.0000,1.0000,9470853.5513,3196080.5725,9474116.4570,3199343.4782
11564,0.0009,0.0022,0.0082,0.0082,0.0646,0.9159,9493684.3362,3231953.4253,9496947.2419,3235216.3310
11271,0.0001,0.0003,0.0016,0.0019,0.0279,0.9681,9474116.4570,3179775.5989,9477379.3626,3183038.5046
11646,0.0009,0.0022,0.0082,0.0082,0.0646,0.9159,9513252.2155,3199343.4782,9516515.1211,3202606.3838
10718,0.0000,0.0001,0.0001,0.0001,0.0025,0.9972,9425201.5362,3212385.5461,9428464.4418,3215648.4517
11231,0.0000,0.0000,0.0000,0.0000,0.0001,0.9999,9480642.2683,3163470.6253,9483905.1739,3166733.5310
11349,0.0053,0.0306,0.0098,0.0027,0.0109,0.9406,9474116.4570,3215648.4517,9477379.3626,3218911.3574
11696,0.9599,0.0273,0.0090,0.0007,0.0031,0.0000,9509989.3098,3209132.1951,9513252.2155,3212385.5461
11671,0.0000,0.0000,0.0000,0.0000,0.0000,1.0000,9526303.8380,3225437.1687,9529557.1891,3228700.0743
11764,0.0008,0.0029,0.0228,0.0772,0.2935,0.6028,9523040.9324,3248267.9536,9526303.8380,3251521.3046
10773,0.0000,0.0001,0.0003,0.0004,0.0074,0.9919,9434980.6985,3179775.5989,9438243.6041,3183038.5046
10833,0.0002,0.0004,0.0010,0.0005,0.0050,0.9929,9434980.6985,3225437.1687,9438243.6041,3228700.0743
11795,0.0000,0.0000,0.0001,0.0000,0.0006,0.9993,9529557.1891,3169996.4366,9532820.0947,3173249.7876
10776,0.0001,0.0006,0.0052,0.0491,0.9415,0.0034,9444769.4154,3179775.5989,9448032.3211,3183038.5046
10805,0.0000,0.0000,0.0000,0.0000,0.0000,1.0000,9441506.5098,3202606.3838,9444769.4154,3205869.2894
11761,0.0002,0.0005,0.0037,0.0042,0.1121,0.8792,9513252.2155,3248267.9536,9516515.1211,3251521.3046
11787,0.0013,0.0026,0.0200,0.0208,0.2814,0.6738,9542608.8116,3176512.6933,9545871.7173,3179775.5989
10860,0.0002,0.0004,0.0024,0.0020,0.0215,0.9735,9444769.4154,3212385.5461,9448032.3211,3215648.4517
10927,0.0002,0.0004,0.0010,0.0005,0.0050,0.9929,9448032.3211,3254784.2102,9451285.6721,3258047.1159
10939,0.0064,0.0185,0.2354,0.1285,0.3976,0.2136,9448032.3211,3248267.9536,9451285.6721,3251521.3046
11407,0.0002,0.0009,0.0029,0.0016,0.0090,0.9854,9487168.0796,3264572.9272,9490421.4306,3267835.8328
10708,0.0000,0.0000,0.0000,0.0000,0.0000,1.0000,9412149.9136,3215648.4517,9415412.8193,3218911.3574
11103,0.0000,0.0001,0.0005,0.0037,0.0075,0.9882,9467600.2003,3245005.0479,9470853.5513,3248267.9536
11424,0.0000,0.0000,0.0000,0.0000,0.0001,0.9999,9483905.1739,3254784.2102,9487168.0796,3258047.1159
11607,0.0000,0.0000,0.0000,0.0000,0.0001,0.9999,9503473.0532,3248267.9536,9506735.9588,3251521.3046
10918,0.0000,0.0000,0.0000,0.0000,0.0010,0.9990,9438243.6041,3258047.1159,9441506.5098,3261310.0215
10953,0.0000,0.0000,0.0000,0.0000,0.0000,1.0000,9434980.6985,3277614.9951,9438243.6041,3280877.9008
11201,0.0002,0.0005,0.0019,0.0014,0.0162,0.9799,9454548.5777,3267835.8328,9457811.4834,3271089.1838
11305,0.0000,0.0001,0.0004,0.0003,0.0067,0.9925,9487168.0796,3202606.3838,9490421.4306,3205869.2894
11336,0.0002,0.0005,0.0037,0.0042,0.1121,0.8792,9470853.5513,3222174.2630,9474116.4570,3225437.1687
11364,0.0177,0.0347,0.9397,0.0067,0.0012,0.0001,9483905.1739,3209132.1951,9487168.0796,3212385.5461
10738,0.0000,0.0000,0.0001,0.0000,0.0002,0.9997,9438243.6041,3163470.6253,9441506.5098,3166733.5310
11066,0.0000,0.0001,0.0030,0.0088,0.6602,0.3278,9464337.2947,3225437.1687,9467600.2003,3228700.0743
11425,0.0000,0.0001,0.0005,0.0003,0.0067,0.9924,9487168.0796,3254784.2102,9490421.4306,3258047.1159
10729,0.0012,0.0045,0.0139,0.0083,0.0432,0.9289,9448032.3211,3147165.6517,9451285.6721,3150428.5574
11309,0.0000,0.0000,0.0000,0.0001,0.0007,0.9991,9480642.2683,3199343.4782,9483905.1739,3202606.3838
11429,0.0000,0.0000,0.0001,0.0000,0.0021,0.9978,9480642.2683,3251521.3046,9483905.1739,3254784.2102
10691,0.0000,0.0000,0.0000,0.0000,0.0002,0.9998,9415412.8193,3225437.1687,9418675.7249,3228700.0743
11766,0.0002,0.0006,0.0012,0.0005,0.0043,0.9933,9529557.1891,3186301.4102,9532820.0947,3189564.3158
11148,0.0001,0.0006,0.0027,0.0019,0.0186,0.9760,9457811.4834,3258047.1159,9461074.3890,3261310.0215
11479,0.0000,0.0000,0.0000,0.0000,0.0000,1.0000,9506735.9588,3163470.6253,9509989.3098,3166733.5310
10681,0.0000,0.0001,0.0030,0.0018,0.9669,0.0282,9418675.7249,3192817.6669,9421938.6306,3196080.5725
10707,0.0000,0.0000,0.0000,0.0000,0.0000,1.0000,9428464.4418,3218911.3574,9431717.7929,3222174.2630
10940,0.0000,0.0000,0.0000,0.0000,0.0000,1.0000,9431717.7929,3284140.8064,9434980.6985,3287403.7120
11423,0.0000,0.0000,0.0000,0.0000,0.0000,1.0000,9480642.2683,3254784.2102,9483905.1739,3258047.1159
10778,0.0000,0.0001,0.0004,0.0003,0.0067,0.9925,9431717.7929,3176512.6933,9434980.6985,3179775.5989
10849,0.0012,0.0030,0.0124,0.0087,0.0500,0.9247,9448032.3211,3218911.3574,9451285.6721,3222174.2630
11123,0.0002,0.0004,0.0024,0.0020,0.0215,0.9735,9454548.5777,3231953.4253,9457811.4834,3235216.3310
11573,0.0000,0.0000,0.0000,0.0000,0.0001,0.9999,9503473.0532,3228700.0743,9506735.9588,3231953.4253
11628,0.0064,0.0185,0.2354,0.1285,0.3976,0.2136,9509989.3098,3173249.7876,9513252.2155,3176512.6933
11683,0.0001,0.0005,0.0002,0.0000,0.0030,0.9961,9526303.8380,3218911.3574,9529557.1891,3222174.2630
11072,0.0024,0.0085,0.0532,0.0888,0.3629,0.4843,9464337.2947,3222174.2630,9467600.2003,3225437.1687
11451,0.0000,0.0000,0.0000,0.0000,0.0000,1.0000,9470853.5513,3274352.0895,9474116.4570,3277614.9951
11462,0.0012,0.0030,0.0124,0.0087,0.0500,0.9247,9470853.5513,3267835.8328,9474116.4570,3271089.1838
11718,0.0002,0.0004,0.0047,0.0057,0.1443,0.8447,9523040.9324,3238479.2366,9526303.8380,3241742.1423
11762,0.0002,0.0007,0.0081,0.0192,0.2746,0.6972,9516515.1211,3248267.9536,9519778.0267,3251521.3046
10676,0.0447,0.2282,0.7177,0.0048,0.0034,0.0012,9421938.6306,3196080.5725,9425201.5362,3199343.4782
11629,0.0000,0.0001,0.0003,0.0011,0.0028,0.9957,9513252.2155,3173249.7876,9516515.1211,3176512.6933
11522,0.0003,0.0006,0.0477,0.0177,0.9226,0.0111,9490421.4306,3176512.6933,9493684.3362,3179775.5989
11542,0.0000,0.0000,0.0000,0.0000,0.0001,0.9999,9500210.1475,3245005.0479,9503473.0532,3248267.9536
11723,0.0000,0.0000,0.0000,0.0000,0.0006,0.9994,9519778.0267,3235216.3310,9523040.9324,3238479.2366
11810,0.0000,0.0000,0.0000,0.0000,0.0000,1.0000,9536083.0003,3199343.4782,9539345.9060,3202606.3838
10754,0.0000,0.0000,0.0000,0.0000,0.0000,1.0000,9441506.5098,3153681.9084,9444769.4154,3156944.8140
11710,0.0003,0.0004,0.0036,0.0091,0.8344,0.1523,9516515.1211,3241742.1423,9519778.0267,3245005.0479
11714,0.0000,0.0000,0.0000,0.0000,0.0001,0.9999,9509989.3098,3238479.2366,9513252.2155,3241742.1423
11613,0.0139,0.0848,0.8050,0.0392,0.0144,0.0426,9526303.8380,3186301.4102,9529557.1891,3189564.3158
11569,0.0002,0.0020,0.0067,0.0007,0.0058,0.9845,9490421.4306,3228700.0743,9493684.3362,3231953.4253
11539,0.0000,0.0000,0.0002,0.0001,0.0101,0.9896,9490421.4306,3245005.0479,9493684.3362,3248267.9536
11111,0.0000,0.0001,0.0004,0.0003,0.0160,0.9832,9454548.5777,3238479.2366,9457811.4834,3241742.1423
11370,0.0001,0.0004,0.0020,0.0015,0.0381,0.9579,9483905.1739,3245005.0479,9487168.0796,3248267.9536
10916,0.0000,0.0000,0.0000,0.0000,0.0010,0.9990,9431717.7929,3258047.1159,9434980.6985,3261310.0215
11708,0.0000,0.0000,0.0001,0.0001,0.0056,0.9942,9509989.3098,3241742.1423,9513252.2155,3245005.0479
10909,0.0000,0.0001,0.0005,0.0004,0.0135,0.9855,9448032.3211,3264572.9272,9451285.6721,3267835.8328
11521,0.0000,0.0001,0.0003,0.0002,0.0120,0.9874,9506735.9588,3179775.5989,9509989.3098,3183038.5046
11434,0.0000,0.0000,0.0000,0.0000,0.0002,0.9998,9477379.3626,3248267.9536,9480642.2683,3251521.3046
10989,0.0001,0.0003,0.0010,0.0006,0.0102,0.9877,9467600.2003,3156944.8140,9470853.5513,3160207.7197
11147,0.0000,0.0001,0.0003,0.0002,0.0120,0.9874,9454548.5777,3258047.1159,9457811.4834,3261310.0215
11590,0.0002,0.0005,0.0011,0.0009,0.0029,0.9945,9500210.1475,3258047.1159,9503473.0532,3261310.0215
10783,0.0001,0.0004,0.0008,0.0005,0.0174,0.9808,9448032.3211,3176512.6933,9451285.6721,3179775.5989
10844,0.0000,0.0000,0.0000,0.0000,0.0003,0.9997,9431717.7929,3218911.3574,9434980.6985,3222174.2630
11661,0.0000,0.0000,0.0001,0.0002,0.0012,0.9985,9523040.9324,3192817.6669,9526303.8380,3196080.5725
11790,0.0000,0.0000,0.0000,0.0000,0.0006,0.9994,9532820.0947,3173249.7876,9536083.0003,3176512.6933
10978,0.0002,0.0007,0.0011,0.0006,0.0084,0.9891,9467600.2003,3140639.8404,9470853.5513,3143902.7461
11432,0.0000,0.0000,0.0000,0.0002,0.0973,0.9024,9470853.5513,3248267.9536,9474116.4570,3251521.3046
10785,0.0000,0.0000,0.0001,0.0001,0.0191,0.9807,9434980.6985,3173249.7876,9438243.6041,3176512.6933
10979,0.0002,0.0006,0.0012,0.0009,0.0168,0.9803,9451285.6721,3166733.5310,9454548.5777,3169996.4366
11024,0.0052,0.0308,0.4890,0.0099,0.1949,0.2701,9461074.3890,3169996.4366,9464337.2947,3173249.7876
11354,0.0010,0.0022,0.0052,0.0029,0.0243,0.9643,9470853.5513,3212385.5461,9474116.4570,3215648.4517
11207,0.0010,0.0022,0.0052,0.0029,0.0243,0.9643,9477379.3626,3147165.6517,9480642.2683,3150428.5574
11209,0.0167,0.0552,0.9255,0.0018,0.0007,0.0000,9483905.1739,3147165.6517,9487168.0796,3150428.5574
10893,0.0009,0.0023,0.0047,0.0033,0.0470,0.9418,9434980.6985,3231953.4253,9438243.6041,3235216.3310
10808,0.0001,0.0003,0.0009,0.0007,0.0200,0.9780,9431717.7929,3199343.4782,9434980.6985,3202606.3838
11256,0.0001,0.0003,0.0009,0.0007,0.0200,0.9780,9483905.1739,3150428.5574,9487168.0796,3153681.9084
11824,0.0001,0.0003,0.0004,0.0002,0.0090,0.9900,9536083.0003,3189564.3158,9539345.9060,3192817.6669
10779,0.0009,0.0023,0.0047,0.0033,0.0470,0.9418,9434980.6985,3176512.6933,9438243.6041,3179775.5989
10789,0.0009,0.0023,0.0047,0.0033,0.0470,0.9418,9448032.3211,3173249.7876,9451285.6721,3176512.6933
11011,0.0009,0.0023,0.0047,0.0033,0.0470,0.9418,9467600.2003,3179775.5989,9470853.5513,3183038.5046
11057,0.0000,0.0000,0.0001,0.0001,0.0062,0.9935,9451285.6721,3189564.3158,9454548.5777,3192817.6669
11466,0.0009,0.0023,0.0047,0.0033,0.0470,0.9418,9483905.1739,3267835.8328,9487168.0796,3271089.1838
11640,0.0009,0.0023,0.0047,0.0033,0.0470,0.9418,9513252.2155,3202606.3838,9516515.1211,3205869.2894
11430,0.0008,0.0020,0.0112,0.0103,0.0982,0.8775,9483905.1739,3251521.3046,9487168.0796,3254784.2102
11287,0.0000,0.0001,0.0002,0.0002,0.0010,0.9985,9487168.0796,3173249.7876,9490421.4306,3176512.6933
11362,0.0031,0.0097,0.0508,0.0093,0.0490,0.8781,9477379.3626,3209132.1951,9480642.2683,3212385.5461
11487,0.0008,0.0020,0.0112,0.0103,0.0982,0.8775,9493684.3362,3156944.8140,9496947.2419,3160207.7197
11631,0.0001,0.0003,0.0023,0.0024,0.0435,0.9513,9509989.3098,3169996.4366,9513252.2155,3173249.7876
10670,0.0008,0.0020,0.0112,0.0103,0.0982,0.8775,9421938.6306,3199343.4782,9425201.5362,3202606.3838
10820,0.0444,0.2035,0.3251,0.0971,0.2383,0.0916,9431717.7929,3192817.6669,9434980.6985,3196080.5725
11032,0.0008,0.0020,0.0112,0.0103,0.0982,0.8775,9467600.2003,3205869.2894,9470853.5513,3209132.1951
11352,0.0008,0.0020,0.0112,0.0103,0.0982,0.8775,9483905.1739,3215648.4517,9487168.0796,3218911.3574
10855,0.0009,0.0023,0.0047,0.0033,0.0470,0.9418,9448032.3211,3215648.4517,9451285.6721,3218911.3574
10888,0.0001,0.0003,0.0017,0.0017,0.0329,0.9631,9438243.6041,3235216.3310,9441506.5098,3238479.2366
11641,0.0001,0.0003,0.0023,0.0024,0.0435,0.9513,9516515.1211,3202606.3838,9519778.0267,3205869.2894
10910,0.0008,0.0020,0.0112,0.0103,0.0982,0.8775,9431717.7929,3261310.0215,9434980.6985,3264572.9272
10840,0.0014,0.0041,0.0147,0.0123,0.0833,0.8842,9438243.6041,3222174.2630,9441506.5098,3225437.1687
11524,0.0001,0.0004,0.0007,0.0005,0.0150,0.9833,9496947.2419,3176512.6933,9500210.1475,3179775.5989
11684,0.0009,0.0023,0.0047,0.0033,0.0470,0.9418,9509989.3098,3215648.4517,9513252.2155,3218911.3574
11393,0.0001,0.0003,0.0044,0.0043,0.1144,0.8766,9480642.2683,3231953.4253,9483905.1739,3235216.3310
10890,0.0008,0.0020,0.0112,0.0103,0.0982,0.8775,9444769.4154,3235216.3310,9448032.3211,3238479.2366
11157,0.0002,0.0007,0.0015,0.0016,0.0028,0.9930,9467600.2003,3254784.2102,9470853.5513,3258047.1159
11188,0.0001,0.0003,0.0017,0.0017,0.0329,0.9631,9451285.6721,3274352.0895,9454548.5777,3277614.9951
11836,0.0008,0.0020,0.0112,0.0103,0.0982,0.8775,9532820.0947,3218911.3574,9536083.0003,3222174.2630
11098,0.0103,0.0312,0.2784,0.0720,0.2291,0.3791,9451285.6721,3245005.0479,9454548.5777,3248267.9536
10675,0.0527,0.0399,0.2327,0.0379,0.6322,0.0046,9418675.7249,3196080.5725,9421938.6306,3199343.4782
11851,0.0000,0.0001,0.0001,0.0002,0.0008,0.9989,9542608.8116,3245005.0479,9545871.7173,3248267.9536
11553,0.0008,0.0020,0.0112,0.0103,0.0982,0.8775,9496947.2419,3238479.2366,9500210.1475,3241742.1423
10885,0.0014,0.0041,0.0147,0.0123,0.0833,0.8842,9448032.3211,3238479.2366,9451285.6721,3241742.1423
11278,0.0052,0.0181,0.1780,0.2654,0.4863,0.0470,9477379.3626,3176512.6933,9480642.2683,3179775.5989
11735,0.0008,0.0020,0.0112,0.0103,0.0982,0.8775,9519778.0267,3228700.0743,9523040.9324,3231953.4253
11548,0.0014,0.0041,0.0147,0.0123,0.0833,0.8842,9500210.1475,3241742.1423,9503473.0532,3245005.0479
11726,0.0009,0.0019,0.0194,0.0162,0.2325,0.7291,9509989.3098,3231953.4253,9513252.2155,3235216.3310
11526,0.0010,0.0024,0.0087,0.0075,0.0756,0.9048,9503473.0532,3176512.6933,9506735.9588,3179775.5989
11202,0.0012,0.0027,0.0062,0.0062,0.0081,0.9756,9457811.4834,3267835.8328,9461074.3890,3271089.1838
